id,tier,legendary,background,body,eyes,mouth,headwear,neck,bling,rarity_score
1,Legendary,The Firstborn,Maroon,Classic Navy,Classic,None,Halo,None,Diamond Spout,39.82
2,Common,,Maroon,Classic Navy,Gold Monocle,None,None,Silver Chain,,27.88
3,Common,,Charcoal,Classic Navy,Classic,None,None,None,Emerald Stud,21.46
4,Common,,Sage,Ocean Blue,Abyss Glow,None,None,Cuban Chain,,28.06
5,Common,,Maroon,Classic Navy,Classic,Cigar,Crown,None,,38.41
6,Common,,Sand,Steel,Classic,Cigar,None,None,Pinky Ring,42.2
7,Rare,,Gold Dust,Midnight Black,Abyss Glow,Cigar,Kelp Wrap,None,,83.12
8,Uncommon,,Charcoal,Arctic,Sleepy,None,Beanie,None,Diamond Spout,52.98
9,Common,,Sage,Arctic,Abyss Glow,None,None,Cuban Chain,Gold Watch,45.56
10,Uncommon,,Gold Dust,Arctic,Shades,None,Halo,None,,60.12
11,Common,,Slate,Ocean Blue,Classic,Cigar,Captain's Hat,None,,23.6
12,Common,,Maroon,Arctic,Gold Monocle,Cigar,None,Cuban Chain,,39.09
13,Common,,Maroon,Classic Navy,Classic,Gold Tooth,None,None,Emerald Stud,27.2
14,Common,,Slate,Arctic,Classic,Cigar,Sailor Cap,None,Gold Watch,40.55
15,Common,,Slate,Deep Sea,Classic,Punk Cigarette,None,None,,21.36
16,Uncommon,,Sand,Deep Sea,Classic,Punk Cigarette,None,Cuban Chain,Pinky Ring,50.98
17,Common,,Sage,Classic Navy,Classic,Gold Tooth,None,Silver Chain,,26.54
18,Common,,Slate,Classic Navy,Classic,None,Sailor Cap,Pearl String,,27.12
19,Common,,Mauve,Ocean Blue,Sleepy,Punk Cigarette,Sailor Cap,Pearl String,,46.59
20,Uncommon,,Sage,Deep Sea,Classic,Gold Tooth,Kelp Wrap,Diamond Chain,,61.54
21,Common,,Maroon,Steel,Classic,Gold Tooth,None,None,,21.36
22,Uncommon,,Mauve,Classic Navy,Laser,Gold Tooth,Halo,Cuban Chain,,58.45
23,Common,,Sage,Classic Navy,Classic,Gold Tooth,None,Pearl String,,29.32
24,Common,,Maroon,Deep Sea,Classic,Cigar,None,None,,19.24
25,Common,,Slate,Deep Sea,Classic,Cigar,None,None,,19.24
26,Uncommon,,Maroon,Classic Navy,Classic,Cigar,Sailor Cap,Diamond Chain,Emerald Stud|Gold Watch,65.55
27,Common,,Charcoal,Steel,Classic,Bubble Pipe,None,Cuban Chain,,33.13
28,Rare,,Maroon,Classic Navy,Classic,None,Captain's Hat,Diamond Chain,Pinky Ring|Diamond Spout,74.89
29,Common,,Slate,Ocean Blue,Classic,Cigar,Sailor Cap,None,,23.05
30,Common,,Maroon,Classic Navy,Classic,None,Beanie,None,Pinky Ring,33.86
31,Common,,Maroon,Ocean Blue,Classic,Cigar,None,None,,15.91
32,Common,,Sage,Classic Navy,Classic,Punk Cigarette,None,Silver Chain,,24.87
33,Common,,Sand,Classic Navy,Classic,Cigar,Beanie,None,,29.7
34,Common,,Mauve,Steel,Classic,Bubble Pipe,Beanie,None,,37.65
35,Common,,Maroon,Deep Sea,Classic,Cigar,Captain's Hat,Silver Chain,,35.27
36,Common,,Sand,Classic Navy,Classic,None,Kelp Wrap,None,,29.32
37,Common,,Sand,Steel,Classic,Bubble Pipe,None,None,,33.48
38,Common,,Maroon,Deep Sea,Abyss Glow,None,Sailor Cap,Pearl String,,43.63
39,Common,,Maroon,Steel,Classic,None,Captain's Hat,Diamond Chain,,45.72
40,Uncommon,,Gold Dust,Classic Navy,Classic,Cigar,None,Pearl String,Gold Watch,54.97
41,Uncommon,,Slate,Classic Navy,Classic,Punk Cigarette,Beanie,None,Coin Spout,57.2
42,Common,,Slate,Deep Sea,Classic,None,None,None,,14.7
43,Common,,Charcoal,Classic Navy,Classic,Gold Tooth,None,None,Emerald Stud,29.79
44,Uncommon,,Sand,Classic Navy,Shades,None,Kelp Wrap,Diamond Chain,,60.83
45,Common,,Maroon,Steel,Classic,None,None,Cuban Chain,,18.03
46,Uncommon,,Charcoal,Deep Sea,Sleepy,None,Beanie,Pearl String,Gold Watch,53.25
47,Common,,Gold Dust,Classic Navy,Sleepy,None,Beanie,None,,44.17
48,Uncommon,,Mauve,Midnight Black,Classic,None,Beanie,Cuban Chain,Diamond Spout,68.72
49,Common,,Mauve,Classic Navy,Classic,None,None,Silver Chain,Emerald Stud,30.98
50,Uncommon,,Sage,Midnight Black,Sleepy,Bubble Pipe,Captain's Hat,Cuban Chain,,67.65
51,Common,,Mauve,Classic Navy,Classic,None,Halo,Silver Chain,,35.27
52,Common,,Sage,Classic Navy,Sleepy,None,None,Silver Chain,,24.72
53,Rare,,Gold Dust,Classic Navy,Classic,Diamond Grill,Crown,None,Emerald Stud,97.65
54,Common,,Sage,Steel,Classic,None,None,None,,14.04
55,Common,,Mauve,Deep Sea,Shades,None,Captain's Hat,Cuban Chain,,37.69
56,Common,,Charcoal,Ocean Blue,Sleepy,None,None,None,,20.48
57,Common,,Maroon,Classic Navy,Classic,Cigar,None,Cuban Chain,Gold Watch|Pinky Ring,45.08
58,Common,,Sand,Deep Sea,Classic,None,None,None,Emerald Stud,32.65
59,Uncommon,,Maroon,Classic Navy,Classic,Punk Cigarette,Sailor Cap,Diamond Chain,Emerald Stud,57.67
60,Common,,Maroon,Classic Navy,Laser,None,None,None,,27.05
61,Common,,Charcoal,Classic Navy,Classic,Cigar,None,Cuban Chain,Gold Watch,31.01
62,Uncommon,,Gold Dust,Classic Navy,Classic,Bubble Pipe,Kelp Wrap,Silver Chain,,62.65
63,Common,,Maroon,Deep Sea,Classic,Punk Cigarette,Kelp Wrap,Cuban Chain,,38.86
64,Uncommon,,Maroon,Classic Navy,Sleepy,Diamond Grill,None,None,Emerald Stud|Gold Watch,68.71
65,Common,,Slate,Ocean Blue,Classic,Gold Tooth,None,None,,19.7
66,Common,,Sand,Deep Sea,Gold Monocle,None,Sailor Cap,None,,40.48
67,Common,,Sage,Steel,Sleepy,None,None,None,Gold Watch,30.56
68,Common,,Charcoal,Ocean Blue,Classic,None,Beanie,None,,22.29
69,Rare,,Gold Dust,Steel,Shades,None,Beanie,Silver Chain,Coin Spout,90.0
70,Common,,Sage,Ocean Blue,Classic,Cigar,Sailor Cap,None,Pinky Ring,40.73
71,Common,,Sage,Classic Navy,Classic,Bubble Pipe,Sailor Cap,None,,29.52
72,Common,,Maroon,Classic Navy,Gold Monocle,None,Captain's Hat,None,,27.24
73,Uncommon,,Mauve,Steel,Classic,Diamond Grill,Beanie,None,,58.48
74,Common,,Sage,Arctic,Laser,None,Beanie,None,,46.39
75,Common,,Maroon,Steel,Classic,Punk Cigarette,Crown,Cuban Chain,,49.7
76,Common,,Sage,Steel,Classic,None,None,None,Coin Spout,47.37
77,Common,,Charcoal,Steel,Classic,Punk Cigarette,Sailor Cap,Cuban Chain,,34.44
78,Common,,Sage,Deep Sea,Abyss Glow,Punk Cigarette,None,None,Diamond Spout,49.72
79,Common,,Mauve,Classic Navy,Classic,None,None,None,,12.65
80,Common,,Mauve,Classic Navy,Classic,Punk Cigarette,Captain's Hat,None,,27.01
81,Common,,Slate,Classic Navy,Laser,Cigar,Captain's Hat,None,,39.28
82,Common,,Slate,Ocean Blue,Classic,Gold Tooth,None,Diamond Chain,,44.7
83,Common,,Sage,Classic Navy,Classic,None,Sailor Cap,Cuban Chain,,22.02
84,Common,,Slate,Deep Sea,Classic,Punk Cigarette,Sailor Cap,None,Diamond Spout,45.17
85,Uncommon,,Maroon,Midnight Black,Shades,Cigar,Captain's Hat,None,,53.69
86,Common,,Charcoal,Classic Navy,Gold Monocle,None,Sailor Cap,None,Emerald Stud,39.29
87,Common,,Charcoal,Classic Navy,Gold Monocle,Gold Tooth,None,Silver Chain,,38.81
88,Uncommon,,Slate,Ocean Blue,Gold Monocle,Punk Cigarette,Crown,Silver Chain,Emerald Stud,72.05
89,Common,,Mauve,Classic Navy,Abyss Glow,Cigar,Sailor Cap,Cuban Chain,,40.02
90,Common,,Charcoal,Classic Navy,Classic,Cigar,Beanie,Cuban Chain,Emerald Stud,39.34
91,Common,,Mauve,Arctic,Classic,None,Captain's Hat,None,,30.34
92,Common,,Maroon,Classic Navy,Classic,Cigar,Beanie,Cuban Chain,,26.74
93,Common,,Mauve,Classic Navy,Classic,Gold Tooth,Kelp Wrap,Cuban Chain,Emerald Stud,48.48
94,Common,,Charcoal,Ocean Blue,Classic,Gold Tooth,Sailor Cap,Cuban Chain,,34.44
95,Common,,Sage,Ocean Blue,Sleepy,Gold Tooth,None,None,,27.22
96,Common,,Maroon,Ocean Blue,Gold Monocle,None,Beanie,None,,30.38
97,Common,,Mauve,Classic Navy,Classic,None,Beanie,Cuban Chain,,25.98
98,Common,,Charcoal,Ocean Blue,Classic,Cigar,None,None,,18.51
99,Rare,,Gold Dust,Midnight Black,Abyss Glow,None,Sailor Cap,None,,73.21
100,Legendary,The Don,Gold Dust,Gilded,Classic,Cigar,Crown,Cuban Chain,,128.03
101,Uncommon,,Maroon,Deep Sea,Shades,Punk Cigarette,Kelp Wrap,Pearl String,Diamond Spout,68.16
102,Common,,Charcoal,Classic Navy,Classic,Bubble Pipe,None,None,Pinky Ring,40.63
103,Common,,Sage,Classic Navy,Classic,None,None,Silver Chain,,18.21
104,Common,,Sage,Classic Navy,Classic,Gold Tooth,None,None,Pinky Ring,34.87
105,Common,,Slate,Classic Navy,Classic,Punk Cigarette,Sailor Cap,Pearl String,,33.78
106,Uncommon,,Slate,Arctic,Shades,Diamond Grill,Captain's Hat,None,,66.4
107,Common,,Charcoal,Arctic,Classic,Bubble Pipe,Beanie,None,,42.29
108,Common,,Sage,Steel,Laser,None,None,None,Gold Watch,42.22
109,Uncommon,,Sage,Classic Navy,Laser,Gold Tooth,Sailor Cap,Silver Chain,Diamond Spout,68.53
110,Common,,Maroon,Classic Navy,Classic,None,None,Pearl String,,19.97
111,Common,,Slate,Classic Navy,Classic,None,None,Pearl String,,19.97
112,Common,,Sage,Ocean Blue,Classic,Bubble Pipe,Captain's Hat,Cuban Chain,Gold Watch,47.57
113,Common,,Charcoal,Deep Sea,Abyss Glow,Cigar,None,None,Pinky Ring,49.19
114,Common,,Maroon,Classic Navy,Classic,Bubble Pipe,Beanie,None,Diamond Spout,46.36
115,Common,,Slate,Classic Navy,Shades,Cigar,None,None,,19.92
116,Common,,Sage,Classic Navy,Classic,None,None,Silver Chain,Emerald Stud,28.21
117,Common,,Sage,Classic Navy,Shades,Punk Cigarette,None,Diamond Chain,,48.06
118,Common,,Slate,Deep Sea,Abyss Glow,Cigar,Beanie,None,,38.26
119,Common,,Maroon,Steel,Abyss Glow,Punk Cigarette,None,None,,30.38
120,Common,,Maroon,Classic Navy,Sleepy,None,Beanie,None,,23.71
121,Common,,Slate,Classic Navy,Gold Monocle,Bubble Pipe,Beanie,None,,40.38
122,Common,,Maroon,Steel,Shades,None,None,Pearl String,,30.66
123,Common,,Sage,Ocean Blue,Classic,Bubble Pipe,None,Cuban Chain,,29.87
124,Common,,Slate,Ocean Blue,Laser,Cigar,Sailor Cap,None,,41.23
125,Common,,Slate,Ocean Blue,Laser,None,Sailor Cap,Silver Chain,,45.02
126,Uncommon,,Maroon,Classic Navy,Classic,None,Captain's Hat,None,Pinky Ring|Coin Spout,66.56
127,Uncommon,,Charcoal,Midnight Black,Sleepy,Gold Tooth,None,Cuban Chain,,57.38
128,Common,,Maroon,Classic Navy,Laser,None,None,Pearl String,,38.16
129,Common,,Maroon,Classic Navy,Shades,Punk Cigarette,Captain's Hat,Cuban Chain,,34.74
130,Common,,Maroon,Arctic,Classic,None,Sailor Cap,None,,26.01
131,Common,,Slate,Classic Navy,Abyss Glow,Cigar,Crown,None,,49.09
132,Common,,Sage,Classic Navy,Shades,None,Sailor Cap,None,,23.53
133,Common,,Charcoal,Classic Navy,Gold Monocle,None,Sailor Cap,None,,29.29
134,Common,,Slate,Steel,Classic,None,None,None,,13.03
135,Common,,Maroon,Steel,Classic,Cigar,Kelp Wrap,None,,30.08
136,Uncommon,,Sage,Steel,Shades,Cigar,Captain's Hat,Diamond Chain,Gold Watch,67.79
137,Uncommon,,Sage,Midnight Black,Classic,Cigar,Beanie,Cuban Chain,Gold Watch,63.82
138,Rare,,Mauve,Deep Sea,Abyss Glow,Diamond Grill,Halo,Pearl String,,87.9
139,Common,,Maroon,Steel,Abyss Glow,Gold Tooth,None,Cuban Chain,,37.05
140,Common,,Maroon,Deep Sea,Classic,Punk Cigarette,Kelp Wrap,None,Gold Watch,43.86
141,Common,,Sage,Classic Navy,Classic,None,Halo,None,Emerald Stud,34.16
142,Common,,Slate,Classic Navy,Classic,None,Sailor Cap,None,,16.01
143,Common,,Maroon,Steel,Classic,Cigar,Beanie,Silver Chain,,34.24
144,Rare,,Slate,Classic Navy,Gold Monocle,None,Halo,None,Emerald Stud|Coin Spout,77.16
145,Common,,Slate,Classic Navy,Sleepy,Punk Cigarette,None,None,,22.05
146,Common,,Slate,Classic Navy,Classic,None,Halo,Silver Chain,,31.48
147,Common,,Slate,Classic Navy,Sleepy,Cigar,Sailor Cap,Silver Chain,,35.4
148,Uncommon,,Charcoal,Ocean Blue,Sleepy,Cigar,Kelp Wrap,Pearl String,Diamond Spout,65.3
149,Common,,Charcoal,Classic Navy,Classic,None,None,None,,11.46
150,Uncommon,,Gold Dust,Classic Navy,Gold Monocle,None,Captain's Hat,None,Emerald Stud,57.69
151,Common,,Sage,Ocean Blue,Abyss Glow,Punk Cigarette,Sailor Cap,Silver Chain,,45.2
152,Common,,Sage,Classic Navy,Classic,Cigar,None,None,,14.42
153,Common,,Maroon,Classic Navy,Classic,None,Captain's Hat,None,,16.56
154,Common,,Maroon,Classic Navy,Abyss Glow,Punk Cigarette,None,None,,26.21
155,Common,,Mauve,Ocean Blue,Classic,Cigar,None,None,Pinky Ring,36.36
156,Common,,Maroon,Ocean Blue,Classic,None,Kelp Wrap,None,Emerald Stud,33.86
157,Common,,Slate,Classic Navy,Classic,Punk Cigarette,None,None,,15.53
158,Common,,Sand,Steel,Laser,Punk Cigarette,None,None,,45.83
159,Common,,Maroon,Ocean Blue,Gold Monocle,Bubble Pipe,None,None,,34.55
160,Uncommon,,Slate,Arctic,Shades,Cigar,None,Pearl String,Gold Watch|Diamond Spout,67.7
161,Common,,Charcoal,Midnight Black,Classic,None,None,None,,37.53
162,Common,,Slate,Classic Navy,Classic,None,Captain's Hat,Cuban Chain,Emerald Stud|Gold Watch,41.56
163,Common,,Maroon,Arctic,Abyss Glow,Cigar,Halo,None,,48.38
164,Common,,Maroon,Steel,Shades,Cigar,None,Cuban Chain,,29.09
165,Rare,,Gold Dust,Classic Navy,Shades,None,Beanie,Cuban Chain,Emerald Stud|Coin Spout,92.5
166,Rare,,Charcoal,Deep Sea,Gold Monocle,Gold Tooth,Sailor Cap,Pearl String,Coin Spout,87.9
167,Common,,Sage,Deep Sea,Sleepy,None,None,Cuban Chain,,27.22
168,Common,,Sage,Classic Navy,Classic,Punk Cigarette,None,Silver Chain,Emerald Stud,34.87
169,Common,,Slate,Ocean Blue,Shades,None,Beanie,None,Pinky Ring,42.88
170,Common,,Slate,Deep Sea,Shades,Cigar,Kelp Wrap,None,,38.26
171,Common,,Sage,Classic Navy,Classic,None,None,None,,9.87
172,Uncommon,,Slate,Midnight Black,Classic,Gold Tooth,None,Cuban Chain,Emerald Stud,58.27
173,Uncommon,,Slate,Classic Navy,Classic,None,Beanie,None,Pinky Ring|Coin Spout,67.2
174,Common,,Slate,Deep Sea,Shades,None,Sailor Cap,None,,28.35
175,Common,,Charcoal,Arctic,Sleepy,Cigar,Captain's Hat,Silver Chain,,48.55
176,Uncommon,,Sage,Deep Sea,Sleepy,None,Captain's Hat,None,Emerald Stud|Gold Watch,49.91
177,Common,,Maroon,Classic Navy,Classic,Cigar,None,None,,13.41
178,Common,,Maroon,Steel,Classic,None,Sailor Cap,None,Emerald Stud|Diamond Spout,46.84
179,Common,,Slate,Ocean Blue,Classic,None,Captain's Hat,None,Emerald Stud,29.06
180,Rare,,Gold Dust,Gilded,Classic,Gold Tooth,Sailor Cap,Pearl String,,120.07
181,Common,,Charcoal,Classic Navy,Classic,Gold Tooth,None,None,,19.79
182,Common,,Maroon,Ocean Blue,Sleepy,None,None,None,Pinky Ring,34.55
183,Common,,Slate,Classic Navy,Classic,Gold Tooth,Captain's Hat,Silver Chain,,33.22
184,Uncommon,,Slate,Ocean Blue,Sleepy,Cigar,Sailor Cap,Diamond Chain,Emerald Stud,64.57
185,Common,,Maroon,Classic Navy,Classic,None,Sailor Cap,Silver Chain,,24.34
186,Uncommon,,Sage,Arctic,Shades,None,Crown,Silver Chain,Gold Watch,69.72
187,Common,,Slate,Steel,Classic,Punk Cigarette,None,None,,19.7
188,Common,,Mauve,Steel,Classic,None,None,Pearl String,,27.93
189,Common,,Slate,Classic Navy,Classic,Cigar,None,None,Emerald Stud|Gold Watch,33.41
190,Common,,Slate,Steel,Classic,Cigar,None,Pearl String,,28.69
191,Common,,Sage,Classic Navy,Abyss Glow,None,None,None,Emerald Stud,30.56
192,Common,,Mauve,Ocean Blue,Classic,None,Captain's Hat,None,,22.84
193,Common,,Slate,Deep Sea,Gold Monocle,None,None,Silver Chain,Gold Watch,43.71
194,Common,,Slate,Steel,Classic,None,Halo,Pearl String,,38.43
195,Common,,Maroon,Ocean Blue,Classic,Punk Cigarette,None,None,,18.03
196,Common,,Mauve,Deep Sea,Classic,None,None,None,,18.48
197,Common,,Mauve,Deep Sea,Gold Monocle,None,None,None,Gold Watch,39.17
198,Common,,Mauve,Steel,Shades,None,Sailor Cap,None,,30.48
199,Common,,Mauve,Deep Sea,Classic,Gold Tooth,Captain's Hat,None,,34.51
200,Legendary,Old Ironside,Slate,Steel,Classic,None,Captain's Hat,None,,20.72
201,Common,,Slate,Deep Sea,Classic,None,Captain's Hat,None,,22.39
202,Common,,Sage,Classic Navy,Classic,Punk Cigarette,Captain's Hat,Cuban Chain,,29.23
203,Common,,Maroon,Classic Navy,Classic,Gold Tooth,Beanie,Cuban Chain,,30.53
204,Common,,Sand,Deep Sea,Classic,Punk Cigarette,None,Cuban Chain,,34.32
205,Common,,Slate,Deep Sea,Gold Monocle,Cigar,Kelp Wrap,None,,42.42
206,Common,,Mauve,Deep Sea,Classic,Cigar,Kelp Wrap,Cuban Chain,,40.53
207,Common,,Sage,Steel,Shades,Cigar,None,None,Emerald Stud,35.1
208,Common,,Mauve,Classic Navy,Classic,Bubble Pipe,None,Silver Chain,,33.48
209,Common,,Sage,Classic Navy,Sleepy,None,Kelp Wrap,None,Gold Watch,38.89
210,Common,,Slate,Classic Navy,Shades,Bubble Pipe,None,Silver Chain,,36.21
211,Common,,Slate,Deep Sea,Shades,None,None,None,,21.21
212,Common,,Mauve,Deep Sea,Gold Monocle,None,Halo,None,,43.45
213,Common,,Sand,Ocean Blue,Shades,Cigar,None,None,,30.38
214,Common,,Sage,Classic Navy,Abyss Glow,Cigar,Halo,Cuban Chain,,44.39
215,Common,,Sand,Ocean Blue,Classic,None,None,None,Emerald Stud,29.32
216,Common,,Slate,Classic Navy,Classic,Cigar,Sailor Cap,None,,20.55
217,Common,,Maroon,Deep Sea,Classic,Cigar,Kelp Wrap,None,,31.74
218,Common,,Maroon,Arctic,Classic,Cigar,Sailor Cap,Silver Chain,,38.89
219,Common,,Sage,Classic Navy,Classic,None,Captain's Hat,None,Gold Watch,27.57
220,Common,,Slate,Steel,Shades,Punk Cigarette,None,Silver Chain,Emerald Stud,44.55
221,Uncommon,,Charcoal,Classic Navy,Classic,Gold Tooth,None,Diamond Chain,Emerald Stud,54.79
222,Common,,Sage,Classic Navy,Sleepy,Gold Tooth,Beanie,None,,33.06
223,Common,,Maroon,Classic Navy,Classic,None,None,Cuban Chain,,13.86
224,Uncommon,,Gold Dust,Classic Navy,Classic,Cigar,Captain's Hat,None,Gold Watch,51.56
225,Rare,,Charcoal,Gilded,Classic,None,None,None,Gold Watch,85.63
226,Common,,Slate,Classic Navy,Classic,Bubble Pipe,Beanie,None,Emerald Stud,39.7
227,Common,,Sage,Steel,Classic,None,Sailor Cap,Cuban Chain,Emerald Stud,36.18
228,Common,,Sage,Classic Navy,Shades,Cigar,None,Pearl String,,32.05
229,Common,,Sage,Classic Navy,Sleepy,Punk Cigarette,Captain's Hat,None,,30.75
230,Uncommon,,Maroon,Steel,Sleepy,None,Kelp Wrap,Pearl String,Gold Watch,53.16
231,Common,,Mauve,Classic Navy,Classic,None,Crown,Cuban Chain,,42.65
232,Common,,Sage,Deep Sea,Shades,None,Beanie,None,Diamond Spout,47.22
233,Common,,Maroon,Ocean Blue,Classic,Cigar,Kelp Wrap,Cuban Chain,,33.41
234,Common,,Charcoal,Ocean Blue,Classic,None,Captain's Hat,None,,21.65
235,Uncommon,,Slate,Classic Navy,Abyss Glow,None,None,Diamond Chain,Pinky Ring,61.21
236,Common,,Mauve,Ocean Blue,Classic,Cigar,Kelp Wrap,None,Gold Watch,42.2
237,Uncommon,,Mauve,Classic Navy,Classic,Cigar,None,None,Coin Spout,50.53
238,Common,,Sand,Classic Navy,Shades,Gold Tooth,Beanie,None,,40.0
239,Uncommon,,Maroon,Midnight Black,Gold Monocle,None,Halo,Cuban Chain,,64.9
240,Common,,Maroon,Arctic,Classic,Gold Tooth,Captain's Hat,None,,34.89
241,Rare,,Slate,Arctic,Classic,Bubble Pipe,Crown,Diamond Chain,,81.36
242,Common,,Mauve,Ocean Blue,Classic,None,None,None,Pinky Ring,31.82
243,Common,,Sage,Classic Navy,Classic,Cigar,None,Silver Chain,,22.75
244,Uncommon,,Sage,Midnight Black,Classic,Bubble Pipe,Beanie,None,,56.78
245,Common,,Mauve,Deep Sea,Classic,None,Beanie,None,,26.82
246,Common,,Maroon,Ocean Blue,Shades,None,Kelp Wrap,Pearl String,,41.49
247,Uncommon,,Sand,Classic Navy,Gold Monocle,None,Kelp Wrap,Silver Chain,Emerald Stud,58.33
248,Common,,Maroon,Classic Navy,Classic,Punk Cigarette,Beanie,None,,23.86
249,Common,,Charcoal,Deep Sea,Gold Monocle,None,None,None,,27.98
250,Uncommon,,Mauve,Ocean Blue,Classic,Bubble Pipe,Captain's Hat,Cuban Chain,Gold Watch,50.34
251,Common,,Slate,Classic Navy,Classic,Punk Cigarette,Kelp Wrap,Cuban Chain,,33.03
252,Common,,Sage,Arctic,Shades,None,Captain's Hat,Pearl String,,45.19
253,Common,,Sand,Ocean Blue,Sleepy,None,None,None,,25.83
254,Common,,Sage,Steel,Classic,None,None,Cuban Chain,,19.04
255,Common,,Maroon,Classic Navy,Gold Monocle,None,Halo,Pearl String,,44.94
256,Common,,Maroon,Classic Navy,Abyss Glow,Cigar,None,Pearl String,,35.2
257,Uncommon,,Charcoal,Steel,Abyss Glow,Gold Tooth,Kelp Wrap,Cuban Chain,,52.14
258,Common,,Maroon,Arctic,Shades,Gold Tooth,None,None,,33.71
259,Common,,Sage,Ocean Blue,Classic,None,Kelp Wrap,None,,24.87
260,Common,,Mauve,Classic Navy,Classic,Cigar,None,None,,17.2
261,Common,,Sage,Arctic,Classic,Cigar,Beanie,Silver Chain,,41.09
262,Common,,Sage,Classic Navy,Classic,Punk Cigarette,None,Pearl String,,27.65
263,Rare,,Charcoal,Gilded,Classic,Punk Cigarette,Sailor Cap,None,,89.44
264,Common,,Sand,Ocean Blue,Sleepy,Bubble Pipe,None,None,,38.33
265,Common,,Maroon,Steel,Laser,Cigar,None,Silver Chain,,44.09
266,Uncommon,,Slate,Ocean Blue,Abyss Glow,Punk Cigarette,Captain's Hat,Silver Chain,Gold Watch,54.74
267,Uncommon,,Gold Dust,Classic Navy,Classic,Gold Tooth,None,None,Pinky Ring,54.32
268,Common,,Mauve,Classic Navy,Classic,Bubble Pipe,Beanie,None,,33.48
269,Uncommon,,Mauve,Steel,Classic,Punk Cigarette,Crown,Pearl String,,59.6
270,Common,,Slate,Classic Navy,Classic,Bubble Pipe,Beanie,None,,29.7
271,Common,,Mauve,Classic Navy,Classic,None,Beanie,None,,20.98
272,Common,,Slate,Steel,Classic,Cigar,Captain's Hat,None,,25.27
273,Uncommon,,Charcoal,Deep Sea,Classic,Cigar,Sailor Cap,Cuban Chain,Coin Spout,67.32
274,Rare,,Mauve,Ocean Blue,Laser,Cigar,Sailor Cap,None,Coin Spout,78.35
275,Common,,Slate,Ocean Blue,Classic,Punk Cigarette,Captain's Hat,None,,25.72
276,Common,,Maroon,Ocean Blue,Sleepy,Cigar,None,None,,22.42
277,Common,,Maroon,Classic Navy,Shades,Bubble Pipe,None,Silver Chain,,36.21
278,Uncommon,,Slate,Steel,Laser,Punk Cigarette,Kelp Wrap,None,Gold Watch,60.38
279,Common,,Sage,Ocean Blue,Laser,Cigar,Halo,None,,49.39
280,Common,,Maroon,Ocean Blue,Classic,None,Sailor Cap,None,,18.51
281,Common,,Maroon,Deep Sea,Classic,Cigar,None,Silver Chain,,27.58
282,Common,,Sage,Classic Navy,Gold Monocle,None,Kelp Wrap,Cuban Chain,,38.06
283,Common,,Maroon,Classic Navy,Classic,None,None,None,,8.86
284,Common,,Slate,Classic Navy,Classic,None,Captain's Hat,None,,16.56
285,Common,,Maroon,Classic Navy,Abyss Glow,Cigar,None,None,Gold Watch,34.09
286,Common,,Slate,Steel,Classic,None,None,None,Pinky Ring,29.7
287,Common,,Charcoal,Steel,Abyss Glow,Gold Tooth,Halo,None,,48.93
288,Common,,Sage,Ocean Blue,Classic,Gold Tooth,Kelp Wrap,Silver Chain,,41.54
289,Common,,Mauve,Deep Sea,Classic,Cigar,Halo,None,,37.32
290,Common,,Maroon,Ocean Blue,Shades,Cigar,None,Cuban Chain,Emerald Stud,37.42
291,Common,,Charcoal,Classic Navy,Sleepy,Gold Tooth,Halo,None,,40.6
292,Common,,Sand,Steel,Classic,None,None,Pearl String,,32.1
293,Common,,Slate,Ocean Blue,Shades,None,Captain's Hat,None,Gold Watch,35.57
294,Common,,Maroon,Classic Navy,Sleepy,None,Beanie,Cuban Chain,,28.71
295,Common,,Sage,Classic Navy,Classic,None,Beanie,None,,18.21
296,Common,,Sand,Steel,Classic,None,None,None,,20.98
297,Common,,Maroon,Classic Navy,Classic,Bubble Pipe,Halo,Silver Chain,,43.98
298,Uncommon,,Slate,Arctic,Classic,Cigar,Beanie,Silver Chain,Diamond Spout,56.74
299,Common,,Sage,Classic Navy,Classic,None,None,Pearl String,,20.98
300,Legendary,The Ghost,Arctic Haze,Arctic,Classic,None,None,None,,14.32
301,Common,,Mauve,Classic Navy,Classic,None,Crown,Pearl String,,48.76
302,Common,,Slate,Ocean Blue,Classic,Cigar,None,Cuban Chain,,20.91
303,Common,,Charcoal,Steel,Shades,Cigar,None,None,Diamond Spout,43.35
304,Common,,Charcoal,Classic Navy,Classic,Cigar,None,None,,16.01
305,Common,,Sage,Classic Navy,Gold Monocle,None,Sailor Cap,None,Gold Watch,37.7
306,Rare,,Charcoal,Classic Navy,Classic,Cigar,Halo,None,Pinky Ring|Coin Spout,80.29
307,Common,,Sage,Ocean Blue,Classic,Punk Cigarette,None,None,,19.04
308,Uncommon,,Slate,Classic Navy,Classic,Gold Tooth,Crown,Pearl String,,53.31
309,Uncommon,,Mauve,Midnight Black,Classic,Gold Tooth,None,Cuban Chain,,52.06
310,Uncommon,,Sage,Steel,Gold Monocle,Diamond Grill,Beanie,None,,66.39
311,Common,,Maroon,Ocean Blue,Classic,None,Sailor Cap,None,Diamond Spout,35.17
312,Common,,Maroon,Arctic,Classic,Gold Tooth,Sailor Cap,None,,34.34
313,Common,,Charcoal,Arctic,Classic,None,None,None,Emerald Stud|Pinky Ring,48.13
314,Common,,Slate,Ocean Blue,Classic,Bubble Pipe,None,None,,23.86
315,Common,,Sage,Ocean Blue,Shades,Punk Cigarette,None,None,,25.56
316,Common,,Sand,Deep Sea,Classic,None,None,None,,22.65
317,Common,,Mauve,Classic Navy,Abyss Glow,None,None,None,Diamond Spout,40.0
318,Common,,Sage,Steel,Classic,Punk Cigarette,Beanie,None,,29.04
319,Common,,Sage,Steel,Laser,Cigar,None,None,,36.77
320,Common,,Sage,Steel,Classic,Cigar,Sailor Cap,None,Emerald Stud,35.73
321,Uncommon,,Slate,Arctic,Classic,Cigar,Kelp Wrap,Cuban Chain,Emerald Stud,50.91
322,Common,,Charcoal,Steel,Classic,Cigar,None,None,,20.17
323,Uncommon,,Mauve,Steel,Shades,None,Captain's Hat,Diamond Chain,,56.03
324,Common,,Maroon,Classic Navy,Laser,None,Captain's Hat,None,,34.74
325,Uncommon,,Maroon,Classic Navy,Abyss Glow,Gold Tooth,None,Cuban Chain,Emerald Stud|Gold Watch,52.88
326,Common,,Maroon,Ocean Blue,Abyss Glow,None,None,None,,22.05
327,Common,,Slate,Ocean Blue,Classic,Punk Cigarette,Kelp Wrap,None,,30.53
328,Common,,Slate,Classic Navy,Classic,None,None,Cuban Chain,,13.86
329,Common,,Sage,Classic Navy,Classic,Bubble Pipe,Beanie,None,Emerald Stud,40.71
330,Common,,Slate,Classic Navy,Classic,None,Crown,None,,33.86
331,Common,,Charcoal,Classic Navy,Classic,Gold Tooth,Halo,None,Emerald Stud,44.08
332,Common,,Charcoal,Steel,Shades,None,None,Diamond Chain,,47.14
333,Rare,,Charcoal,Classic Navy,Gold Monocle,Diamond Grill,Crown,Cuban Chain,,85.48
334,Common,,Mauve,Deep Sea,Shades,None,Sailor Cap,None,,32.14
335,Common,,Sand,Classic Navy,Classic,Bubble Pipe,Captain's Hat,None,,37.01
336,Common,,Sage,Classic Navy,Classic,Bubble Pipe,Beanie,Cuban Chain,,35.71
337,Uncommon,,Sage,Classic Navy,Gold Monocle,Gold Tooth,Sailor Cap,Cuban Chain,Gold Watch,51.03
338,Common,,Slate,Ocean Blue,Classic,None,None,Cuban Chain,Pinky Ring,33.03
339,Common,,Charcoal,Classic Navy,Gold Monocle,Cigar,Captain's Hat,None,,34.38
340,Common,,Maroon,Classic Navy,Classic,None,Halo,Pearl String,,34.26
341,Rare,,Charcoal,Gilded,Laser,None,Sailor Cap,Silver Chain,,109.29
342,Common,,Maroon,Ocean Blue,Sleepy,None,Beanie,None,,26.21
343,Common,,Slate,Ocean Blue,Classic,Gold Tooth,None,Pearl String,,30.81
344,Uncommon,,Maroon,Midnight Black,Sleepy,None,None,Pearl String,Diamond Spout,69.23
345,Uncommon,,Charcoal,Steel,Classic,Diamond Grill,Beanie,Cuban Chain,,62.29
346,Uncommon,,Maroon,Arctic,Abyss Glow,Cigar,Captain's Hat,None,Pinky Ring,58.45
347,Uncommon,,Sand,Classic Navy,Laser,Cigar,Halo,Cuban Chain,,58.83
348,Common,,Gold Dust,Classic Navy,Classic,None,None,Cuban Chain,,34.32
349,Rare,,Charcoal,Gilded,Classic,Bubble Pipe,None,Pearl String,Gold Watch|Pinky Ring,125.91
350,Common,,Sage,Classic Navy,Sleepy,None,Sailor Cap,Pearl String,,34.64
351,Common,,Mauve,Classic Navy,Classic,None,None,Silver Chain,,20.98
352,Common,,Maroon,Midnight Black,Classic,None,None,Pearl String,,46.05
353,Common,,Mauve,Ocean Blue,Classic,None,None,None,,15.15
354,Common,,Maroon,Steel,Classic,Cigar,None,None,Gold Watch,27.58
355,Common,,Maroon,Ocean Blue,Abyss Glow,None,None,Diamond Chain,,47.05
356,Common,,Slate,Classic Navy,Sleepy,None,Crown,Silver Chain,,48.71
357,Common,,Slate,Classic Navy,Classic,Gold Tooth,None,Cuban Chain,,22.2
358,Uncommon,,Slate,Classic Navy,Classic,Gold Tooth,None,None,Coin Spout,50.53
359,Common,,Mauve,Classic Navy,Shades,None,None,Silver Chain,Pinky Ring,44.17
360,Common,,Charcoal,Classic Navy,Classic,Gold Tooth,None,Silver Chain,Diamond Spout,44.79
361,Common,,Charcoal,Classic Navy,Classic,None,Captain's Hat,None,Gold Watch,29.15
362,Common,,Charcoal,Classic Navy,Shades,Bubble Pipe,None,None,Diamond Spout,47.14
363,Common,,Charcoal,Steel,Classic,Bubble Pipe,Halo,None,,42.41
364,Common,,Sand,Classic Navy,Sleepy,None,None,Cuban Chain,,28.33
365,Common,,Mauve,Ocean Blue,Gold Monocle,None,Beanie,Cuban Chain,,39.17
366,Common,,Sand,Classic Navy,Classic,Punk Cigarette,Halo,Cuban Chain,,42.77
367,Uncommon,,Gold Dust,Ocean Blue,Gold Monocle,Cigar,Beanie,Pearl String,,66.49
368,Common,,Slate,Classic Navy,Shades,None,None,None,Coin Spout,48.71
369,Common,,Maroon,Classic Navy,Classic,Cigar,Sailor Cap,Cuban Chain,,25.55
370,Uncommon,,Slate,Classic Navy,Classic,Diamond Grill,Captain's Hat,None,,49.89
371,Common,,Mauve,Arctic,Classic,Cigar,Captain's Hat,None,,34.89
372,Common,,Maroon,Classic Navy,Shades,None,Kelp Wrap,None,,27.88
373,Common,,Maroon,Classic Navy,Shades,Cigar,Sailor Cap,None,,27.07
374,Common,,Maroon,Classic Navy,Classic,Cigar,Sailor Cap,Cuban Chain,Gold Watch,35.55
375,Common,,Slate,Ocean Blue,Classic,Bubble Pipe,Captain's Hat,None,Emerald Stud,41.56
376,Common,,Slate,Classic Navy,Shades,Cigar,Captain's Hat,None,Pinky Ring,44.28
377,Common,,Sage,Classic Navy,Sleepy,Cigar,Halo,None,Emerald Stud,45.22
378,Common,,Sage,Classic Navy,Classic,Cigar,None,None,Pinky Ring,31.09
379,Common,,Maroon,Steel,Classic,Cigar,None,Cuban Chain,,22.58
380,Common,,Sage,Ocean Blue,Classic,Bubble Pipe,None,None,,24.87
381,Common,,Sage,Ocean Blue,Shades,Cigar,Sailor Cap,None,Pinky Ring,47.24
382,Common,,Mauve,Classic Navy,Shades,None,Sailor Cap,Pearl String,,37.42
383,Uncommon,,Slate,Midnight Black,Classic,Bubble Pipe,None,Cuban Chain,,52.44
384,Uncommon,,Mauve,Arctic,Shades,None,Sailor Cap,Diamond Chain,,61.31
385,Common,,Mauve,Classic Navy,Laser,None,Beanie,None,,39.17
386,Common,,Maroon,Classic Navy,Classic,Gold Tooth,Captain's Hat,None,,24.89
387,Common,,Mauve,Classic Navy,Classic,None,None,Silver Chain,Pinky Ring,37.65
388,Uncommon,,Maroon,Deep Sea,Classic,Gold Tooth,Kelp Wrap,Cuban Chain,Emerald Stud|Gold Watch,60.53
389,Common,,Mauve,Ocean Blue,Sleepy,Cigar,Sailor Cap,None,,33.35
390,Uncommon,,Sage,Steel,Sleepy,Diamond Grill,None,None,,53.89
391,Uncommon,,Sand,Classic Navy,Classic,None,Kelp Wrap,Pearl String,Diamond Spout,57.1
392,Common,,Charcoal,Ocean Blue,Classic,None,Beanie,Pearl String,,33.41
393,Uncommon,,Charcoal,Classic Navy,Laser,Cigar,None,Pearl String,Emerald Stud|Gold Watch,65.3
394,Common,,Charcoal,Ocean Blue,Sleepy,Cigar,None,None,Pinky Ring,41.69
395,Common,,Sage,Deep Sea,Classic,Punk Cigarette,None,Silver Chain,,30.71
396,Common,,Slate,Ocean Blue,Shades,Gold Tooth,Captain's Hat,Pearl String,,45.02
397,Common,,Slate,Classic Navy,Gold Monocle,None,Sailor Cap,None,,26.69
398,Common,,Sage,Steel,Sleepy,Punk Cigarette,None,Cuban Chain,,32.22
399,Common,,Slate,Classic Navy,Classic,None,Sailor Cap,Cuban Chain,,21.01
400,Legendary,Deep King,Charcoal,Midnight Black,Abyss Glow,None,Crown,None,,73.21
401,Common,,Slate,Classic Navy,Classic,Cigar,Kelp Wrap,Silver Chain,,34.24
402,Common,,Sage,Classic Navy,Classic,None,None,Cuban Chain,,14.87
403,Common,,Sand,Arctic,Classic,Cigar,Sailor Cap,None,,38.51
404,Uncommon,,Maroon,Arctic,Classic,None,Sailor Cap,Diamond Chain,,51.01
405,Common,,Slate,Ocean Blue,Shades,None,None,Cuban Chain,,22.88
406,Common,,Maroon,Classic Navy,Abyss Glow,Cigar,None,None,,24.09
407,Common,,Maroon,Classic Navy,Classic,None,Beanie,Pearl String,,28.31
408,Common,,Slate,Classic Navy,Classic,Cigar,None,None,,13.41
409,Common,,Maroon,Ocean Blue,Shades,Cigar,None,None,,22.42
410,Common,,Slate,Ocean Blue,Gold Monocle,None,Sailor Cap,None,,29.19
411,Common,,Slate,Classic Navy,Classic,Cigar,Sailor Cap,None,Gold Watch,30.55
412,Common,,Slate,Steel,Sleepy,None,None,None,Gold Watch,29.55
413,Common,,Gold Dust,Classic Navy,Classic,Cigar,Sailor Cap,None,,41.01
414,Common,,Slate,Ocean Blue,Classic,Cigar,Halo,None,,30.19
415,Common,,Sage,Ocean Blue,Shades,None,Kelp Wrap,None,,31.39
416,Common,,Slate,Steel,Classic,Cigar,Sailor Cap,Silver Chain,Emerald Stud,43.05
417,Common,,Slate,Deep Sea,Classic,None,Beanie,None,,23.03
418,Rare,,Gold Dust,Classic Navy,Classic,Bubble Pipe,Captain's Hat,Diamond Chain,,74.51
419,Common,,Charcoal,Deep Sea,Classic,Punk Cigarette,None,None,Diamond Spout,40.63
420,Common,,Maroon,Arctic,Classic,Cigar,None,Cuban Chain,,28.41
421,Common,,Sage,Classic Navy,Classic,None,Captain's Hat,None,,17.57
422,Common,,Sage,Classic Navy,Classic,Cigar,Sailor Cap,None,,21.56
423,Common,,Slate,Deep Sea,Shades,Cigar,None,Cuban Chain,,30.76
424,Common,,Sage,Classic Navy,Classic,Punk Cigarette,None,None,,16.54
425,Common,,Mauve,Classic Navy,Laser,None,None,None,,30.83
426,Common,,Slate,Classic Navy,Shades,None,Captain's Hat,None,,23.07
427,Common,,Maroon,Ocean Blue,Classic,Punk Cigarette,None,Diamond Chain,,43.03
428,Common,,Slate,Classic Navy,Laser,None,None,Cuban Chain,,32.05
429,Common,,Slate,Classic Navy,Classic,Punk Cigarette,Captain's Hat,Silver Chain,Diamond Spout,48.22
430,Common,,Sage,Midnight Black,Shades,None,None,None,,42.46
431,Common,,Charcoal,Classic Navy,Classic,None,Captain's Hat,None,,19.15
432,Common,,Maroon,Classic Navy,Classic,Punk Cigarette,None,None,,15.53
433,Rare,,Sand,Arctic,Abyss Glow,Cigar,Halo,Diamond Chain,Diamond Spout,98.0
434,Common,,Sage,Arctic,Classic,Punk Cigarette,None,Silver Chain,,34.87
435,Common,,Slate,Ocean Blue,Classic,None,None,Diamond Chain,Emerald Stud,46.36
436,Common,,Slate,Classic Navy,Classic,Cigar,None,Pearl String,,24.52
437,Uncommon,,Maroon,Classic Navy,Abyss Glow,Gold Tooth,Captain's Hat,Silver Chain,Gold Watch,53.9
438,Common,,Slate,Steel,Classic,Punk Cigarette,None,Cuban Chain,,24.7
439,Common,,Charcoal,Classic Navy,Classic,Cigar,Kelp Wrap,Cuban Chain,,33.51
440,Common,,Sage,Ocean Blue,Sleepy,None,None,None,,18.89
441,Common,,Mauve,Ocean Blue,Classic,None,None,Silver Chain,,23.48
442,Common,,Mauve,Classic Navy,Sleepy,None,Crown,None,,44.17
443,Common,,Maroon,Deep Sea,Classic,None,Captain's Hat,None,,22.39
444,Common,,Maroon,Ocean Blue,Classic,None,Beanie,None,,19.7
445,Common,,Slate,Ocean Blue,Classic,Cigar,None,None,,15.91
446,Common,,Sand,Steel,Classic,Bubble Pipe,Halo,None,,47.77
447,Common,,Sand,Arctic,Classic,None,Sailor Cap,Cuban Chain,,38.96
448,Common,,Maroon,Classic Navy,Laser,Punk Cigarette,None,None,,33.71
449,Common,,Sage,Steel,Classic,Punk Cigarette,Beanie,None,Gold Watch,39.04
450,Common,,Slate,Arctic,Laser,None,Captain's Hat,Cuban Chain,,49.74
451,Common,,Sand,Steel,Gold Monocle,None,None,None,,31.67
452,Common,,Mauve,Steel,Classic,None,Sailor Cap,Cuban Chain,,28.96
453,Uncommon,,Mauve,Deep Sea,Shades,Cigar,Halo,Pearl String,Emerald Stud,64.94
454,Common,,Slate,Ocean Blue,Classic,Punk Cigarette,None,Cuban Chain,Diamond Spout,39.7
455,Common,,Slate,Classic Navy,Gold Monocle,Cigar,None,Cuban Chain,,29.09
456,Common,,Sage,Steel,Shades,Gold Tooth,None,Silver Chain,,37.22
457,Uncommon,,Sand,Deep Sea,Abyss Glow,Gold Tooth,Sailor Cap,Cuban Chain,,53.81
458,Rare,,Charcoal,Gilded,Sleepy,Cigar,Crown,Silver Chain,,120.02
459,Common,,Maroon,Classic Navy,Classic,None,Sailor Cap,Cuban Chain,,21.01
460,Common,,Sage,Ocean Blue,Shades,Cigar,Captain's Hat,None,,31.13
461,Common,,Mauve,Classic Navy,Classic,None,None,Cuban Chain,,17.65
462,Rare,,Gold Dust,Classic Navy,Abyss Glow,Punk Cigarette,None,None,Emerald Stud|Diamond Spout,73.33
463,Uncommon,,Charcoal,Midnight Black,Abyss Glow,Cigar,Sailor Cap,None,,59.9
464,Uncommon,,Mauve,Classic Navy,Shades,None,Halo,Diamond Chain,,58.45
465,Common,,Charcoal,Classic Navy,Classic,Gold Tooth,Sailor Cap,None,,26.94
466,Common,,Sand,Classic Navy,Sleepy,None,None,Cuban Chain,Emerald Stud,38.33
467,Common,,Sage,Ocean Blue,Shades,None,None,None,,18.89
468,Common,,Charcoal,Classic Navy,Classic,None,Sailor Cap,None,,18.6
469,Common,,Maroon,Classic Navy,Abyss Glow,None,None,None,,19.55
470,Common,,Sage,Midnight Black,Classic,Punk Cigarette,None,None,,42.61
471,Common,,Slate,Deep Sea,Classic,Cigar,Captain's Hat,None,Emerald Stud,36.93
472,Common,,Charcoal,Steel,Classic,Punk Cigarette,Beanie,Cuban Chain,,35.63
473,Common,,Sage,Arctic,Abyss Glow,None,None,None,,30.56
474,Common,,Slate,Classic Navy,Shades,None,None,None,,15.38
475,Uncommon,,Slate,Arctic,Laser,None,Crown,None,,62.05
476,Common,,Slate,Classic Navy,Classic,None,Halo,Pearl String,,34.26
477,Uncommon,,Maroon,Ocean Blue,Classic,None,Halo,None,Coin Spout,58.98
478,Common,,Slate,Steel,Shades,Cigar,None,None,,24.09
479,Common,,Sand,Classic Navy,Gold Monocle,None,Captain's Hat,Cuban Chain,,40.19
480,Common,,Charcoal,Ocean Blue,Classic,Punk Cigarette,Captain's Hat,None,,28.32
481,Uncommon,,Sand,Arctic,Classic,Bubble Pipe,Beanie,None,Gold Watch,57.65
482,Common,,Mauve,Midnight Black,Classic,Cigar,None,None,,43.27
483,Common,,Charcoal,Arctic,Classic,None,None,None,Gold Watch,31.46
484,Common,,Slate,Classic Navy,Classic,Bubble Pipe,None,None,Pinky Ring,38.03
485,Uncommon,,Slate,Arctic,Shades,None,Beanie,None,Diamond Spout,50.38
486,Common,,Maroon,Classic Navy,Classic,Punk Cigarette,Beanie,Diamond Chain,,48.86
487,Uncommon,,Slate,Ocean Blue,Classic,Gold Tooth,None,None,Coin Spout,53.03
488,Common,,Sage,Classic Navy,Classic,Gold Tooth,Beanie,Cuban Chain,Gold Watch,41.54
489,Common,,Gold Dust,Steel,Classic,None,Beanie,None,,41.82
490,Common,,Maroon,Ocean Blue,Sleepy,Bubble Pipe,Sailor Cap,Pearl String,,48.63
491,Common,,Slate,Ocean Blue,Sleepy,Punk Cigarette,None,None,Gold Watch,34.55
492,Uncommon,,Slate,Deep Sea,Classic,None,Crown,Cuban Chain,Diamond Spout,61.36
493,Rare,,Sand,Arctic,Abyss Glow,Punk Cigarette,None,None,Coin Spout,77.5
494,Common,,Sage,Classic Navy,Gold Monocle,Cigar,Sailor Cap,None,Emerald Stud,42.24
495,Common,,Charcoal,Ocean Blue,Classic,None,Crown,None,,38.96
496,Common,,Mauve,Classic Navy,Classic,Cigar,None,Cuban Chain,,22.2
497,Common,,Maroon,Classic Navy,Abyss Glow,Gold Tooth,None,None,,27.88
498,Common,,Slate,Deep Sea,Classic,None,None,Cuban Chain,Emerald Stud,29.7
499,Common,,Charcoal,Deep Sea,Classic,None,None,None,,17.29
500,Legendary,The Siren,Charcoal,Deep Sea,Abyss Glow,None,None,None,,27.98
501,Common,,Sand,Classic Navy,Sleepy,None,Sailor Cap,None,,30.48
502,Common,,Slate,Deep Sea,Classic,None,Sailor Cap,None,,21.84
503,Common,,Maroon,Classic Navy,Sleepy,Punk Cigarette,Captain's Hat,Cuban Chain,,34.74
504,Common,,Maroon,Classic Navy,Sleepy,Bubble Pipe,Halo,Cuban Chain,,47.16
505,Uncommon,,Slate,Midnight Black,Abyss Glow,None,Sailor Cap,None,Gold Watch,62.76
506,Uncommon,,Maroon,Steel,Abyss Glow,None,Captain's Hat,Silver Chain,Pinky Ring,56.4
507,Rare,,Charcoal,Gilded,Sleepy,Punk Cigarette,Captain's Hat,Pearl String,Emerald Stud,117.61
508,Common,,Sage,Deep Sea,Shades,Cigar,Sailor Cap,Cuban Chain,Emerald Stud,48.91
509,Common,,Maroon,Arctic,Sleepy,None,None,Cuban Chain,,30.38
510,Common,,Maroon,Deep Sea,Classic,Gold Tooth,Kelp Wrap,None,,35.53
511,Common,,Slate,Classic Navy,Classic,Bubble Pipe,None,None,Emerald Stud,31.36
512,Uncommon,,Sand,Classic Navy,Shades,Cigar,None,None,Coin Spout,61.21
513,Common,,Charcoal,Deep Sea,Classic,None,Kelp Wrap,None,,29.79
514,Common,,Mauve,Classic Navy,Shades,Gold Tooth,Beanie,None,,35.83
515,Uncommon,,Sage,Steel,Classic,Cigar,Beanie,Diamond Chain,Gold Watch,61.92
516,Common,,Mauve,Classic Navy,Classic,None,Kelp Wrap,None,,25.15
517,Common,,Sand,Classic Navy,Shades,None,None,Cuban Chain,,28.33
518,Common,,Sage,Classic Navy,Classic,None,None,None,Emerald Stud,19.87
519,Common,,Maroon,Steel,Classic,None,Captain's Hat,Cuban Chain,,25.72
520,Common,,Maroon,Ocean Blue,Classic,Gold Tooth,Beanie,Silver Chain,,36.36
521,Common,,Charcoal,Deep Sea,Shades,Punk Cigarette,Beanie,None,,38.81
522,Common,,Maroon,Midnight Black,Classic,None,None,None,Gold Watch,44.94
523,Uncommon,,Maroon,Deep Sea,Classic,Diamond Grill,None,Pearl String,,59.14
524,Common,,Sand,Classic Navy,Classic,Cigar,None,Cuban Chain,,26.36
525,Common,,Maroon,Ocean Blue,Classic,Gold Tooth,Captain's Hat,None,,27.39
526,Common,,Maroon,Deep Sea,Classic,Punk Cigarette,Captain's Hat,None,,29.06
527,Common,,Slate,Deep Sea,Sleepy,None,Beanie,Silver Chain,Gold Watch,47.88
528,Uncommon,,Sage,Arctic,Shades,Gold Tooth,None,Silver Chain,Emerald Stud,53.06
529,Common,,Maroon,Arctic,Classic,Gold Tooth,Beanie,Silver Chain,,43.86
530,Common,,Slate,Steel,Abyss Glow,Punk Cigarette,Beanie,Pearl String,,49.82
531,Common,,Mauve,Classic Navy,Shades,None,None,Pearl String,,30.28
532,Common,,Sage,Deep Sea,Classic,None,None,None,Pinky Ring,32.37
533,Common,,Slate,Ocean Blue,Classic,Bubble Pipe,Captain's Hat,None,,31.56
534,Common,,Charcoal,Deep Sea,Classic,None,Halo,None,,31.58
535,Common,,Mauve,Ocean Blue,Classic,None,Sailor Cap,Silver Chain,,30.63
536,Common,,Maroon,Ocean Blue,Classic,Cigar,Crown,None,,40.91
537,Common,,Maroon,Classic Navy,Laser,None,Sailor Cap,None,Emerald Stud,44.19
538,Uncommon,,Mauve,Classic Navy,Sleepy,Cigar,Beanie,Cuban Chain,Pinky Ring,53.71
539,Uncommon,,Sand,Arctic,Laser,None,Beanie,Cuban Chain,,58.33
540,Common,,Maroon,Classic Navy,Classic,Cigar,Captain's Hat,Cuban Chain,,26.1
541,Uncommon,,Sage,Steel,Classic,Punk Cigarette,Crown,Cuban Chain,Gold Watch,60.71
542,Common,,Sand,Classic Navy,Gold Monocle,None,Captain's Hat,None,,35.19
543,Common,,Charcoal,Classic Navy,Classic,Punk Cigarette,None,None,Gold Watch,28.13
544,Uncommon,,Sand,Classic Navy,Classic,None,Kelp Wrap,Cuban Chain,Diamond Spout,50.98
545,Uncommon,,Sand,Steel,Classic,Cigar,Kelp Wrap,Silver Chain,Gold Watch,56.36
546,Common,,Gold Dust,Deep Sea,Classic,Punk Cigarette,Sailor Cap,None,,48.96
547,Common,,Maroon,Ocean Blue,Laser,None,Halo,Cuban Chain,,48.83
548,Uncommon,,Slate,Ocean Blue,Laser,Punk Cigarette,Captain's Hat,Pearl String,Emerald Stud,65.02
549,Common,,Maroon,Steel,Sleepy,Gold Tooth,Beanie,None,,36.21
550,Common,,Maroon,Arctic,Classic,None,None,None,,18.86
551,Common,,Slate,Ocean Blue,Sleepy,None,None,None,,17.88
552,Common,,Slate,Classic Navy,Classic,Cigar,Beanie,None,,21.74
553,Common,,Slate,Classic Navy,Classic,Cigar,None,Cuban Chain,,18.41
554,Uncommon,,Sage,Deep Sea,Classic,Diamond Grill,Sailor Cap,None,,56.18
555,Common,,Mauve,Deep Sea,Classic,Cigar,Beanie,Silver Chain,,39.7
556,Common,,Slate,Ocean Blue,Shades,Cigar,Captain's Hat,None,Gold Watch,40.12
557,Common,,Sand,Classic Navy,Sleepy,Cigar,Sailor Cap,None,Gold Watch,45.02
558,Common,,Gold Dust,Steel,Classic,None,Captain's Hat,Cuban Chain,,46.18
559,Common,,Sage,Ocean Blue,Classic,Gold Tooth,None,None,,20.71
560,Common,,Maroon,Deep Sea,Sleepy,None,Kelp Wrap,None,,33.71
561,Uncommon,,Gold Dust,Arctic,Laser,None,None,Silver Chain,,65.83
562,Common,,Charcoal,Ocean Blue,Classic,Gold Tooth,None,None,,22.29
563,Common,,Maroon,Ocean Blue,Sleepy,Cigar,Halo,Silver Chain,,45.04
564,Common,,Maroon,Classic Navy,Classic,None,None,None,Emerald Stud,18.86
565,Common,,Slate,Ocean Blue,Classic,None,None,None,,11.36
566,Common,,Slate,Steel,Classic,None,None,Pearl String,,24.14
567,Common,,Sage,Classic Navy,Sleepy,Gold Tooth,None,None,,24.72
568,Uncommon,,Slate,Classic Navy,Classic,None,Kelp Wrap,Pearl String,Pinky Ring|Diamond Spout,65.81
569,Uncommon,,Mauve,Arctic,Classic,Punk Cigarette,Crown,None,,54.32
570,Common,,Mauve,Arctic,Classic,None,Beanie,None,,30.98
571,Common,,Charcoal,Steel,Sleepy,Gold Tooth,Kelp Wrap,None,,42.98
572,Common,,Sand,Classic Navy,Classic,Cigar,None,None,Gold Watch,31.36
573,Rare,,Sage,Deep Sea,Gold Monocle,Gold Tooth,None,Cuban Chain,Pinky Ring|Diamond Spout,73.06
574,Common,,Slate,Steel,Classic,None,Sailor Cap,None,Pinky Ring,36.84
575,Common,,Slate,Steel,Classic,Cigar,Beanie,None,,25.91
576,Common,,Maroon,Steel,Classic,Punk Cigarette,Kelp Wrap,None,,32.2
577,Common,,Mauve,Steel,Classic,Bubble Pipe,None,None,Diamond Spout,45.98
578,Uncommon,,Gold Dust,Steel,Shades,None,Sailor Cap,None,Emerald Stud,57.14
579,Uncommon,,Mauve,Steel,Abyss Glow,Bubble Pipe,Kelp Wrap,None,Gold Watch,62.5
580,Common,,Mauve,Ocean Blue,Classic,Punk Cigarette,None,None,,21.82
581,Common,,Mauve,Classic Navy,Classic,None,Beanie,None,Gold Watch,30.98
582,Common,,Slate,Ocean Blue,Gold Monocle,None,Captain's Hat,None,,29.74
583,Rare,,Gold Dust,Arctic,Classic,Gold Tooth,Sailor Cap,Cuban Chain,Emerald Stud|Diamond Spout,86.46
584,Uncommon,,Maroon,Midnight Black,Laser,Bubble Pipe,None,Cuban Chain,,70.62
585,Common,,Slate,Steel,Shades,Gold Tooth,Sailor Cap,None,,35.02
586,Common,,Charcoal,Steel,Laser,None,None,None,Gold Watch,43.81
587,Common,,Sage,Ocean Blue,Classic,None,None,None,,12.37
588,Common,,Mauve,Steel,Classic,None,None,None,,16.82
589,Common,,Slate,Arctic,Classic,None,Sailor Cap,Pearl String,Emerald Stud,47.12
590,Common,,Sage,Classic Navy,Classic,Diamond Grill,None,Cuban Chain,,48.21
591,Common,,Mauve,Classic Navy,Classic,None,None,Pearl String,Gold Watch,33.76
592,Rare,,Sand,Deep Sea,Sleepy,Gold Tooth,None,None,Emerald Stud|Coin Spout,80.83
593,Common,,Slate,Ocean Blue,Classic,None,None,Cuban Chain,,16.36
594,Common,,Sage,Classic Navy,Classic,None,None,Cuban Chain,Emerald Stud,24.87
595,Common,,Slate,Steel,Sleepy,Punk Cigarette,None,None,Emerald Stud,36.21
596,Common,,Sand,Arctic,Classic,None,Captain's Hat,Cuban Chain,,39.51
597,Common,,Charcoal,Classic Navy,Classic,None,Beanie,None,Gold Watch,29.79
598,Common,,Sage,Ocean Blue,Classic,None,Captain's Hat,None,Pinky Ring,36.73
599,Common,,Maroon,Arctic,Abyss Glow,None,None,Cuban Chain,,34.55
600,Legendary,Goldback,Gold Dust,Gilded,Classic,Diamond Grill,None,Diamond Chain,,151.82
601,Uncommon,,Charcoal,Classic Navy,Laser,Gold Tooth,Crown,Cuban Chain,,67.98
602,Common,,Slate,Steel,Sleepy,None,None,None,,19.55
603,Common,,Maroon,Ocean Blue,Classic,Cigar,Kelp Wrap,None,,28.41
604,Common,,Charcoal,Steel,Classic,Punk Cigarette,None,None,Diamond Spout,38.96
605,Common,,Maroon,Classic Navy,Abyss Glow,Gold Tooth,None,Pearl String,,38.99
606,Common,,Slate,Deep Sea,Abyss Glow,None,Kelp Wrap,None,,37.88
607,Common,,Sage,Classic Navy,Classic,None,Sailor Cap,None,,17.02
608,Common,,Maroon,Classic Navy,Abyss Glow,Punk Cigarette,Captain's Hat,None,,33.9
609,Uncommon,,Slate,Ocean Blue,Classic,None,Sailor Cap,None,Coin Spout,51.84
610,Common,,Sage,Classic Navy,Classic,Punk Cigarette,None,Pearl String,Emerald Stud,37.65
611,Uncommon,,Mauve,Classic Navy,Sleepy,Diamond Grill,None,Silver Chain,,60.83
612,Common,,Mauve,Classic Navy,Classic,Cigar,Halo,Cuban Chain,,36.48
613,Common,,Maroon,Ocean Blue,Sleepy,None,Captain's Hat,None,Diamond Spout,42.24
614,Common,,Sage,Classic Navy,Classic,Punk Cigarette,None,Cuban Chain,,21.54
615,Common,,Charcoal,Arctic,Classic,None,None,Silver Chain,Gold Watch,39.79
616,Uncommon,,Sage,Classic Navy,Laser,None,Crown,Cuban Chain,,58.06
617,Common,,Maroon,Deep Sea,Classic,None,Captain's Hat,None,Pinky Ring,39.06
618,Common,,Slate,Classic Navy,Classic,None,Halo,Cuban Chain,,28.15
619,Common,,Sage,Arctic,Abyss Glow,Cigar,None,Pearl String,,46.21
620,Common,,Charcoal,Steel,Gold Monocle,Punk Cigarette,Beanie,None,,41.31
621,Common,,Charcoal,Classic Navy,Sleepy,None,None,Cuban Chain,,22.98
622,Common,,Maroon,Steel,Classic,Punk Cigarette,Beanie,None,Gold Watch,38.03
623,Uncommon,,Charcoal,Steel,Abyss Glow,Cigar,Halo,Cuban Chain,,50.14
624,Uncommon,,Slate,Ocean Blue,Shades,Punk Cigarette,Halo,Cuban Chain,Pinky Ring,60.5
625,Common,,Maroon,Ocean Blue,Classic,Bubble Pipe,None,Silver Chain,,32.2
626,Uncommon,,Mauve,Ocean Blue,Shades,None,Beanie,Diamond Chain,,55.0
627,Common,,Sand,Ocean Blue,Classic,None,Sailor Cap,None,,26.46
628,Rare,,Charcoal,Gilded,Classic,Cigar,Beanie,None,,88.51
629,Common,,Slate,Classic Navy,Shades,Bubble Pipe,None,None,,27.88
630,Common,,Sage,Ocean Blue,Classic,Cigar,None,Silver Chain,,25.25
631,Common,,Slate,Deep Sea,Classic,Gold Tooth,Captain's Hat,None,,30.72
632,Common,,Slate,Classic Navy,Classic,Punk Cigarette,None,Pearl String,,26.64
633,Common,,Maroon,Ocean Blue,Laser,Cigar,None,Silver Chain,,42.42
634,Common,,Slate,Ocean Blue,Shades,None,Sailor Cap,None,,25.02
635,Uncommon,,Gold Dust,Classic Navy,Classic,Cigar,None,Pearl String,Emerald Stud|Pinky Ring,71.64
636,Common,,Maroon,Ocean Blue,Classic,None,None,None,Pinky Ring,28.03
637,Uncommon,,Charcoal,Deep Sea,Gold Monocle,Punk Cigarette,None,Silver Chain,Emerald Stud,52.98
638,Common,,Maroon,Steel,Classic,Cigar,None,None,,17.58
639,Common,,Charcoal,Deep Sea,Sleepy,Gold Tooth,None,None,,32.14
640,Common,,Sage,Classic Navy,Classic,None,Beanie,Cuban Chain,,23.21
641,Common,,Sage,Classic Navy,Classic,Cigar,Captain's Hat,Cuban Chain,,27.11
642,Common,,Maroon,Classic Navy,Classic,Punk Cigarette,Halo,None,,29.82
643,Common,,Sage,Classic Navy,Classic,Bubble Pipe,None,None,,22.37
644,Common,,Maroon,Steel,Gold Monocle,None,None,None,,23.71
645,Common,,Charcoal,Classic Navy,Classic,None,Halo,None,,25.75
646,Common,,Charcoal,Classic Navy,Classic,Cigar,Captain's Hat,Cuban Chain,,28.7
647,Common,,Maroon,Classic Navy,Classic,Cigar,None,None,Diamond Spout,30.08
648,Common,,Slate,Deep Sea,Classic,Cigar,Beanie,Cuban Chain,,32.58
649,Common,,Sand,Ocean Blue,Classic,None,Captain's Hat,Cuban Chain,,32.01
650,Common,,Slate,Steel,Sleepy,Punk Cigarette,Sailor Cap,None,,33.35
651,Common,,Sand,Steel,Abyss Glow,None,None,None,Emerald Stud,41.67
652,Common,,Slate,Ocean Blue,Classic,Punk Cigarette,None,None,,18.03
653,Common,,Sage,Steel,Gold Monocle,None,None,None,,24.72
654,Common,,Charcoal,Classic Navy,Classic,Gold Tooth,Captain's Hat,None,,27.49
655,Uncommon,,Maroon,Classic Navy,Gold Monocle,Gold Tooth,Kelp Wrap,None,Pinky Ring,57.05
656,Common,,Maroon,Steel,Classic,None,None,None,Emerald Stud,23.03
657,Common,,Slate,Classic Navy,Classic,Bubble Pipe,Captain's Hat,Cuban Chain,,34.06
658,Common,,Maroon,Steel,Classic,Punk Cigarette,Beanie,None,,28.03
659,Uncommon,,Mauve,Arctic,Laser,Gold Tooth,Beanie,None,,57.5
660,Common,,Sage,Ocean Blue,Classic,None,Beanie,None,,20.71
661,Common,,Maroon,Steel,Classic,None,Sailor Cap,None,,20.17
662,Common,,Mauve,Ocean Blue,Classic,Cigar,Kelp Wrap,Cuban Chain,Gold Watch,47.2
663,Common,,Sage,Ocean Blue,Classic,None,Sailor Cap,None,,19.52
664,Common,,Sand,Classic Navy,Shades,None,None,None,,23.33
665,Common,,Slate,Steel,Classic,Bubble Pipe,Sailor Cap,None,,32.67
666,Uncommon,,Maroon,Classic Navy,Shades,Diamond Grill,Captain's Hat,Cuban Chain,,61.4
667,Common,,Maroon,Classic Navy,Gold Monocle,Cigar,None,Cuban Chain,,29.09
668,Common,,Sage,Steel,Classic,Bubble Pipe,Kelp Wrap,None,,39.04
669,Common,,Slate,Deep Sea,Classic,Gold Tooth,Kelp Wrap,None,,35.53
670,Uncommon,,Mauve,Arctic,Sleepy,Cigar,Captain's Hat,None,Emerald Stud,51.4
671,Common,,Sage,Arctic,Abyss Glow,None,Sailor Cap,None,,37.7
672,Uncommon,,Maroon,Steel,Classic,None,Beanie,None,Coin Spout,54.7
673,Rare,,Charcoal,Gilded,Gold Monocle,Gold Tooth,Beanie,Cuban Chain,,107.98
674,Uncommon,,Maroon,Steel,Sleepy,Gold Tooth,Crown,None,,52.88
675,Common,,Sage,Steel,Shades,None,Captain's Hat,None,,28.25
676,Common,,Maroon,Classic Navy,Abyss Glow,None,None,Cuban Chain,Emerald Stud,34.55
677,Common,,Sage,Ocean Blue,Sleepy,Punk Cigarette,None,Silver Chain,,33.89
678,Common,,Mauve,Ocean Blue,Shades,None,None,Cuban Chain,,26.67
679,Common,,Charcoal,Classic Navy,Classic,None,None,Silver Chain,,19.79
680,Rare,,Slate,Classic Navy,Shades,Diamond Grill,Crown,Cuban Chain,,78.71
681,Common,,Charcoal,Steel,Classic,None,None,None,,15.63
682,Common,,Charcoal,Classic Navy,Sleepy,None,Kelp Wrap,None,Gold Watch,40.48
683,Uncommon,,Gold Dust,Deep Sea,Classic,Cigar,None,Cuban Chain,Diamond Spout,61.36
684,Common,,Sage,Ocean Blue,Classic,None,None,Cuban Chain,Pinky Ring,34.04
685,Common,,Maroon,Deep Sea,Sleepy,Gold Tooth,Captain's Hat,Silver Chain,,45.57
686,Common,,Sage,Deep Sea,Classic,None,None,None,Diamond Spout,32.37
687,Common,,Sage,Midnight Black,Classic,None,None,None,,35.95
688,Rare,,Mauve,Ocean Blue,Gold Monocle,Gold Tooth,Halo,Diamond Chain,Gold Watch,83.45
689,Uncommon,,Mauve,Classic Navy,Abyss Glow,Punk Cigarette,None,Silver Chain,Diamond Spout,55.0
690,Common,,Maroon,Deep Sea,Shades,Punk Cigarette,None,Cuban Chain,,32.88
691,Common,,Mauve,Classic Navy,Gold Monocle,None,None,Cuban Chain,,28.33
692,Rare,,Sand,Midnight Black,Classic,Punk Cigarette,Beanie,None,Diamond Spout,74.56
693,Common,,Sage,Deep Sea,Shades,None,Captain's Hat,Silver Chain,,38.25
694,Common,,Slate,Classic Navy,Classic,Punk Cigarette,Crown,Cuban Chain,,45.53
695,Common,,Slate,Classic Navy,Abyss Glow,Cigar,None,None,Diamond Spout,40.76
696,Common,,Sand,Classic Navy,Classic,None,Sailor Cap,None,,23.96
697,Common,,Sand,Classic Navy,Classic,Cigar,Captain's Hat,None,Emerald Stud,39.06
698,Rare,,Gold Dust,Gilded,Classic,Gold Tooth,Beanie,None,,110.15
699,Common,,Slate,Ocean Blue,Classic,Cigar,None,Pearl String,,27.02
700,Legendary,The Captain,Slate,Classic Navy,Gold Monocle,Bubble Pipe,Captain's Hat,None,,39.74
701,Common,,Sage,Classic Navy,Shades,None,Beanie,None,,24.72
702,Common,,Charcoal,Ocean Blue,Gold Monocle,None,Beanie,None,,32.98
703,Common,,Slate,Classic Navy,Classic,Punk Cigarette,None,Pearl String,Gold Watch,36.64
704,Common,,Sage,Ocean Blue,Laser,None,Sailor Cap,Cuban Chain,,42.7
705,Common,,Slate,Deep Sea,Classic,None,Beanie,None,Gold Watch,33.03
706,Rare,,Gold Dust,Steel,Abyss Glow,None,None,None,Coin Spout,77.5
707,Uncommon,,Slate,Midnight Black,Shades,Gold Tooth,None,Silver Chain,,58.12
708,Common,,Maroon,Classic Navy,Sleepy,None,None,Cuban Chain,,20.38
709,Common,,Gold Dust,Classic Navy,Classic,Cigar,Halo,None,,48.15
710,Uncommon,,Sage,Midnight Black,Abyss Glow,None,None,Silver Chain,,54.96
711,Uncommon,,Charcoal,Classic Navy,Laser,Punk Cigarette,None,None,Diamond Spout,52.98
712,Common,,Sage,Classic Navy,Classic,None,Sailor Cap,Silver Chain,Diamond Spout,42.02
713,Common,,Sage,Classic Navy,Classic,Punk Cigarette,Beanie,Cuban Chain,,29.87
714,Common,,Maroon,Classic Navy,Abyss Glow,None,Kelp Wrap,None,,32.05
715,Common,,Maroon,Steel,Classic,Bubble Pipe,None,Cuban Chain,,30.53
716,Uncommon,,Sage,Steel,Abyss Glow,Gold Tooth,None,None,Gold Watch|Pinky Ring,59.72
717,Uncommon,,Slate,Steel,Classic,Punk Cigarette,Beanie,None,Coin Spout,61.36
718,Common,,Charcoal,Deep Sea,Abyss Glow,Cigar,None,Silver Chain,,40.85
719,Common,,Maroon,Ocean Blue,Classic,Punk Cigarette,Captain's Hat,None,,25.72
720,Common,,Maroon,Ocean Blue,Classic,Cigar,None,Pearl String,,27.02
721,Common,,Maroon,Classic Navy,Sleepy,Punk Cigarette,Captain's Hat,Silver Chain,,38.07
722,Common,,Maroon,Steel,Abyss Glow,Bubble Pipe,None,Cuban Chain,,41.21
723,Common,,Slate,Classic Navy,Sleepy,Punk Cigarette,Sailor Cap,None,Gold Watch,39.19
724,Common,,Slate,Ocean Blue,Shades,Cigar,None,Silver Chain,,30.76
725,Common,,Maroon,Classic Navy,Classic,Cigar,None,Cuban Chain,Gold Watch,28.41
726,Common,,Slate,Ocean Blue,Classic,None,None,Silver Chain,,19.7
727,Uncommon,,Sand,Ocean Blue,Classic,Bubble Pipe,Kelp Wrap,Silver Chain,,52.65
728,Uncommon,,Maroon,Classic Navy,Gold Monocle,Gold Tooth,Halo,Pearl String,,53.28
729,Uncommon,,Sage,Deep Sea,Abyss Glow,Cigar,Halo,Cuban Chain,,50.22
730,Common,,Maroon,Classic Navy,Shades,Cigar,None,Silver Chain,,28.26
731,Rare,,Sand,Ocean Blue,Sleepy,Diamond Grill,Captain's Hat,Pearl String,,77.97
732,Common,,Slate,Classic Navy,Classic,Bubble Pipe,None,Cuban Chain,,26.36
733,Uncommon,,Charcoal,Classic Navy,Classic,Gold Tooth,Sailor Cap,Diamond Chain,,51.94
734,Common,,Sage,Classic Navy,Classic,Gold Tooth,Captain's Hat,None,,25.9
735,Common,,Slate,Arctic,Shades,None,None,None,,25.38
736,Common,,Mauve,Classic Navy,Classic,None,Captain's Hat,None,Diamond Spout,37.01
737,Common,,Sage,Classic Navy,Laser,None,None,None,Gold Watch,38.06
738,Uncommon,,Charcoal,Deep Sea,Laser,Bubble Pipe,Halo,None,,62.26
739,Common,,Maroon,Ocean Blue,Classic,None,None,None,,11.36
740,Common,,Maroon,Ocean Blue,Classic,Punk Cigarette,Kelp Wrap,Cuban Chain,,35.53
741,Common,,Maroon,Ocean Blue,Gold Monocle,Punk Cigarette,None,Pearl String,,39.82
742,Common,,Mauve,Classic Navy,Classic,Gold Tooth,None,Pearl String,,32.1
743,Common,,Sage,Steel,Shades,Cigar,Captain's Hat,None,,32.79
744,Uncommon,,Slate,Midnight Black,Shades,None,Beanie,None,Pinky Ring,66.45
745,Common,,Slate,Ocean Blue,Classic,Punk Cigarette,None,Cuban Chain,,23.03
746,Common,,Sand,Classic Navy,Classic,Cigar,None,None,,21.36
747,Common,,Charcoal,Classic Navy,Classic,Cigar,Captain's Hat,None,,23.7
748,Common,,Maroon,Arctic,Classic,None,Captain's Hat,Cuban Chain,,31.56
749,Common,,Slate,Ocean Blue,Sleepy,Gold Tooth,Beanie,None,,34.55
750,Uncommon,,Slate,Ocean Blue,Sleepy,Diamond Grill,None,None,,51.21
751,Common,,Slate,Classic Navy,Shades,None,None,Pearl String,,26.49
752,Rare,,Mauve,Ocean Blue,Sleepy,Bubble Pipe,Kelp Wrap,Diamond Chain,Emerald Stud|Gold Watch,91.67
753,Common,,Maroon,Ocean Blue,Gold Monocle,Punk Cigarette,None,None,,28.71
754,Rare,,Sand,Classic Navy,Abyss Glow,Gold Tooth,Crown,Pearl String,Emerald Stud|Coin Spout,115.28
755,Common,,Maroon,Steel,Classic,None,None,None,,13.03
756,Common,,Maroon,Midnight Black,Classic,None,Kelp Wrap,None,,47.44
757,Uncommon,,Sand,Classic Navy,Sleepy,Gold Tooth,Kelp Wrap,Silver Chain,,52.5
758,Common,,Slate,Classic Navy,Classic,Bubble Pipe,None,None,,21.36
759,Uncommon,,Mauve,Steel,Abyss Glow,Bubble Pipe,None,None,Emerald Stud,50.0
760,Common,,Maroon,Ocean Blue,Abyss Glow,Bubble Pipe,None,Cuban Chain,,39.55
761,Common,,Sage,Classic Navy,Sleepy,None,Captain's Hat,None,,24.08
762,Common,,Sage,Deep Sea,Shades,None,Kelp Wrap,Pearl String,,45.83
763,Common,,Maroon,Deep Sea,Gold Monocle,None,Captain's Hat,None,,33.07
764,Common,,Sage,Ocean Blue,Classic,Cigar,Captain's Hat,None,,24.61
765,Common,,Charcoal,Ocean Blue,Classic,None,Captain's Hat,Diamond Chain,,46.65
766,Common,,Maroon,Classic Navy,Classic,Cigar,Sailor Cap,Silver Chain,,28.89
767,Uncommon,,Sage,Classic Navy,Classic,Diamond Grill,None,None,Diamond Spout,59.87
768,Common,,Mauve,Classic Navy,Classic,Cigar,None,Cuban Chain,Gold Watch,32.2
769,Common,,Slate,Classic Navy,Shades,Bubble Pipe,Sailor Cap,None,,35.02
770,Common,,Sage,Steel,Classic,Punk Cigarette,None,None,Gold Watch,30.71
771,Common,,Mauve,Midnight Black,Classic,None,None,None,,38.72
772,Common,,Slate,Ocean Blue,Sleepy,Cigar,Sailor Cap,None,,29.57
773,Rare,,Mauve,Classic Navy,Abyss Glow,Diamond Grill,Beanie,Diamond Chain,,90.0
774,Rare,,Charcoal,Classic Navy,Shades,Diamond Grill,Sailor Cap,None,Emerald Stud|Gold Watch,78.45
775,Common,,Sand,Steel,Classic,Cigar,None,None,,25.53
776,Common,,Sage,Classic Navy,Classic,Bubble Pipe,None,None,Emerald Stud,32.37
777,Common,,Slate,Ocean Blue,Classic,Bubble Pipe,None,Cuban Chain,Pinky Ring,45.53
778,Common,,Charcoal,Ocean Blue,Classic,Bubble Pipe,None,None,Gold Watch,36.46
779,Uncommon,,Maroon,Ocean Blue,Classic,Punk Cigarette,Halo,Diamond Chain,,57.32
780,Rare,,Mauve,Classic Navy,Laser,Cigar,None,None,Gold Watch|Coin Spout,78.71
781,Common,,Mauve,Classic Navy,Classic,Punk Cigarette,None,None,,19.32
782,Common,,Mauve,Ocean Blue,Classic,Punk Cigarette,None,Cuban Chain,,26.82
783,Common,,Slate,Deep Sea,Abyss Glow,Gold Tooth,Captain's Hat,None,,41.4
784,Common,,Sage,Steel,Sleepy,Cigar,Beanie,Cuban Chain,,38.43
785,Common,,Charcoal,Classic Navy,Classic,Punk Cigarette,None,Cuban Chain,,23.13
786,Common,,Slate,Deep Sea,Classic,Gold Tooth,Sailor Cap,Pearl String,,41.28
787,Common,,Charcoal,Classic Navy,Classic,None,Beanie,None,,19.79
788,Common,,Slate,Steel,Abyss Glow,None,Captain's Hat,None,,31.4
789,Uncommon,,Slate,Steel,Sleepy,Gold Tooth,Halo,None,Gold Watch,52.16
790,Uncommon,,Sage,Arctic,Abyss Glow,Cigar,Beanie,Silver Chain,,51.77
791,Common,,Charcoal,Ocean Blue,Classic,None,None,None,,13.96
792,Common,,Slate,Deep Sea,Classic,None,Sailor Cap,None,Gold Watch,31.84
793,Common,,Sage,Ocean Blue,Classic,Cigar,Beanie,Silver Chain,,33.59
794,Common,,Sage,Classic Navy,Sleepy,None,None,None,,16.39
795,Common,,Maroon,Ocean Blue,Classic,Punk Cigarette,None,None,Pinky Ring,34.7
796,Rare,,Charcoal,Gilded,Shades,Punk Cigarette,None,Cuban Chain,,93.81
797,Uncommon,,Mauve,Arctic,Laser,None,Kelp Wrap,None,Emerald Stud,63.33
798,Common,,Charcoal,Ocean Blue,Classic,Punk Cigarette,None,None,Diamond Spout,37.29
799,Uncommon,,Sage,Classic Navy,Shades,Punk Cigarette,Kelp Wrap,None,Pinky Ring,52.22
800,Legendary,Trenchkeeper,Gold Dust,Deep Sea,Classic,None,None,Cuban Chain,,40.15
801,Common,,Slate,Classic Navy,Classic,None,Crown,None,Emerald Stud,43.86
802,Common,,Slate,Classic Navy,Classic,Gold Tooth,Captain's Hat,None,,24.89
803,Uncommon,,Sage,Ocean Blue,Gold Monocle,None,Sailor Cap,Silver Chain,Pinky Ring,55.2
804,Common,,Maroon,Steel,Classic,Bubble Pipe,None,None,,25.53
805,Uncommon,,Gold Dust,Classic Navy,Classic,Cigar,None,None,Emerald Stud|Diamond Spout,60.53
806,Common,,Maroon,Classic Navy,Classic,None,None,Diamond Chain,,33.86
807,Common,,Sage,Classic Navy,Gold Monocle,None,None,None,,20.56
808,Common,,Sand,Arctic,Classic,None,Captain's Hat,Pearl String,,45.62
809,Common,,Slate,Steel,Classic,None,Beanie,None,,21.36
810,Rare,,Mauve,Steel,Shades,Gold Tooth,Halo,Silver Chain,Emerald Stud|Gold Watch,74.29
811,Common,,Maroon,Classic Navy,Gold Monocle,Cigar,Sailor Cap,None,Emerald Stud,41.23
812,Uncommon,,Maroon,Deep Sea,Classic,Gold Tooth,Sailor Cap,None,Gold Watch|Diamond Spout,56.84
813,Uncommon,,Sand,Classic Navy,Classic,Diamond Grill,None,None,,50.15
814,Common,,Mauve,Classic Navy,Sleepy,Punk Cigarette,Beanie,None,,34.17
815,Common,,Sand,Classic Navy,Classic,Punk Cigarette,None,None,,23.48
816,Common,,Sand,Ocean Blue,Classic,None,None,Pearl String,,30.43
817,Uncommon,,Charcoal,Classic Navy,Gold Monocle,Gold Tooth,Crown,Cuban Chain,,60.48
818,Uncommon,,Gold Dust,Steel,Abyss Glow,Punk Cigarette,None,None,,50.83
819,Common,,Slate,Ocean Blue,Classic,None,Kelp Wrap,Cuban Chain,,28.86
820,Common,,Gold Dust,Classic Navy,Classic,None,Kelp Wrap,None,,41.82
821,Uncommon,,Sand,Deep Sea,Shades,None,Sailor Cap,None,Gold Watch|Diamond Spout,62.98
822,Common,,Charcoal,Steel,Classic,Punk Cigarette,Sailor Cap,None,,29.44
823,Common,,Sage,Ocean Blue,Classic,Gold Tooth,Beanie,None,,29.04
824,Common,,Maroon,Arctic,Classic,None,Kelp Wrap,None,Gold Watch,41.36
825,Common,,Slate,Ocean Blue,Gold Monocle,Cigar,Captain's Hat,None,,34.28
826,Common,,Sage,Classic Navy,Abyss Glow,Gold Tooth,Sailor Cap,None,,36.03
827,Common,,Maroon,Classic Navy,Classic,Cigar,None,Cuban Chain,,18.41
828,Common,,Charcoal,Classic Navy,Classic,None,None,Cuban Chain,Emerald Stud|Pinky Ring,43.13
829,Common,,Slate,Ocean Blue,Gold Monocle,None,None,None,,22.05
830,Rare,,Charcoal,Classic Navy,Shades,Bubble Pipe,Halo,Silver Chain,Emerald Stud|Gold Watch,73.1
831,Common,,Charcoal,Classic Navy,Gold Monocle,Cigar,Kelp Wrap,None,,39.19
832,Uncommon,,Slate,Ocean Blue,Sleepy,Diamond Grill,Captain's Hat,None,,58.9
833,Uncommon,,Maroon,Classic Navy,Sleepy,None,Halo,Cuban Chain,Diamond Spout,51.33
834,Common,,Sand,Deep Sea,Classic,Punk Cigarette,None,None,,29.32
835,Common,,Charcoal,Classic Navy,Shades,None,Crown,None,,42.98
836,Common,,Charcoal,Classic Navy,Abyss Glow,Punk Cigarette,Beanie,Silver Chain,,45.48
837,Uncommon,,Sage,Midnight Black,Classic,None,Halo,None,,50.23
838,Rare,,Charcoal,Gilded,Sleepy,Gold Tooth,Captain's Hat,None,,98.17
839,Uncommon,,Sand,Classic Navy,Gold Monocle,Bubble Pipe,Kelp Wrap,None,,52.5
840,Common,,Sage,Steel,Gold Monocle,Cigar,None,Silver Chain,,37.6
841,Common,,Maroon,Steel,Classic,Punk Cigarette,None,None,,19.7
842,Common,,Slate,Ocean Blue,Abyss Glow,None,None,Pearl String,,33.16
843,Common,,Sage,Deep Sea,Classic,None,None,None,,15.71
844,Common,,Mauve,Steel,Sleepy,None,Beanie,Silver Chain,,40.0
845,Uncommon,,Slate,Deep Sea,Laser,Cigar,None,Diamond Chain,Emerald Stud,72.42
846,Uncommon,,Mauve,Classic Navy,Laser,None,Crown,None,,55.83
847,Common,,Maroon,Ocean Blue,Sleepy,None,None,Cuban Chain,,22.88
848,Uncommon,,Gold Dust,Steel,Classic,Punk Cigarette,None,Cuban Chain,Gold Watch,55.15
849,Common,,Sage,Steel,Sleepy,Cigar,Sailor Cap,None,,32.24
850,Uncommon,,Maroon,Deep Sea,Sleepy,None,Kelp Wrap,Silver Chain,Emerald Stud,52.05
851,Common,,Sage,Classic Navy,Classic,Punk Cigarette,Beanie,Silver Chain,,33.21
852,Common,,Maroon,Classic Navy,Classic,None,Kelp Wrap,Cuban Chain,,26.36
853,Uncommon,,Charcoal,Classic Navy,Sleepy,Bubble Pipe,Halo,Silver Chain,,53.1
854,Uncommon,,Slate,Deep Sea,Sleepy,None,None,None,Diamond Spout|Coin Spout,71.21
855,Uncommon,,Charcoal,Arctic,Classic,Diamond Grill,Sailor Cap,Pearl String,,73.05
856,Common,,Mauve,Classic Navy,Classic,Punk Cigarette,None,Silver Chain,,27.65
857,Common,,Slate,Classic Navy,Gold Monocle,Punk Cigarette,Captain's Hat,None,,33.9
858,Common,,Charcoal,Classic Navy,Classic,Cigar,Crown,None,,41.01
859,Common,,Slate,Classic Navy,Classic,Cigar,None,Silver Chain,,21.74
860,Common,,Charcoal,Ocean Blue,Classic,Punk Cigarette,None,None,,20.63
861,Uncommon,,Sage,Classic Navy,Classic,None,Beanie,None,Coin Spout,51.54
862,Common,,Sage,Ocean Blue,Shades,Cigar,None,Cuban Chain,,28.43
863,Common,,Slate,Classic Navy,Classic,Cigar,None,None,Pinky Ring,30.08
864,Common,,Sand,Ocean Blue,Sleepy,None,None,Cuban Chain,,30.83
865,Common,,Sage,Classic Navy,Shades,Punk Cigarette,None,Silver Chain,,31.39
866,Common,,Slate,Classic Navy,Classic,None,Crown,Cuban Chain,,38.86
867,Common,,Sage,Deep Sea,Classic,Punk Cigarette,None,None,,22.37
868,Uncommon,,Maroon,Midnight Black,Sleepy,Bubble Pipe,Captain's Hat,None,,61.64
869,Common,,Maroon,Steel,Abyss Glow,None,Captain's Hat,None,,31.4
870,Common,,Slate,Classic Navy,Classic,None,None,Silver Chain,,17.2
871,Common,,Mauve,Steel,Classic,Gold Tooth,None,None,,25.15
872,Uncommon,,Sage,Classic Navy,Laser,Cigar,None,Pearl String,Pinky Ring,60.38
873,Common,,Sand,Ocean Blue,Classic,None,Beanie,Silver Chain,,35.98
874,Common,,Slate,Deep Sea,Classic,Cigar,Captain's Hat,None,Pinky Ring,43.6
875,Uncommon,,Maroon,Deep Sea,Gold Monocle,None,Halo,Silver Chain,Diamond Spout,64.66
876,Common,,Sand,Classic Navy,Abyss Glow,Punk Cigarette,None,None,,34.17
877,Uncommon,,Sage,Arctic,Classic,Diamond Grill,None,None,,53.21
878,Common,,Slate,Steel,Gold Monocle,Cigar,Sailor Cap,None,,35.4
879,Uncommon,,Maroon,Steel,Shades,Gold Tooth,Captain's Hat,None,Pinky Ring,52.24
880,Rare,,Slate,Steel,Sleepy,None,Crown,Diamond Chain,Emerald Stud,79.55
881,Common,,Sand,Classic Navy,Gold Monocle,None,None,Silver Chain,,35.83
882,Common,,Sage,Classic Navy,Classic,Cigar,None,Diamond Chain,,39.42
883,Common,,Mauve,Steel,Classic,Punk Cigarette,Sailor Cap,None,Pinky Ring,47.29
884,Common,,Sage,Classic Navy,Classic,Gold Tooth,Sailor Cap,None,,25.35
885,Common,,Slate,Classic Navy,Shades,None,None,None,Emerald Stud,25.38
886,Common,,Maroon,Ocean Blue,Shades,None,None,None,,17.88
887,Common,,Mauve,Steel,Classic,Bubble Pipe,Sailor Cap,None,,36.46
888,Common,,Sage,Ocean Blue,Abyss Glow,None,Sailor Cap,Pearl String,,41.31
889,Common,,Maroon,Steel,Gold Monocle,Punk Cigarette,Kelp Wrap,None,,42.88
890,Common,,Slate,Classic Navy,Shades,Punk Cigarette,None,None,,22.05
891,Common,,Sage,Ocean Blue,Classic,None,Kelp Wrap,Cuban Chain,,29.87
892,Common,,Sage,Deep Sea,Shades,Bubble Pipe,Halo,None,,49.01
893,Common,,Charcoal,Arctic,Classic,None,Captain's Hat,None,Gold Watch,39.15
894,Uncommon,,Charcoal,Classic Navy,Classic,Bubble Pipe,Kelp Wrap,None,Pinky Ring,53.13
895,Common,,Maroon,Deep Sea,Classic,None,Sailor Cap,None,Emerald Stud,31.84
896,Common,,Maroon,Ocean Blue,Laser,Punk Cigarette,None,Pearl String,,47.32
897,Common,,Maroon,Classic Navy,Gold Monocle,None,None,Cuban Chain,,24.55
898,Common,,Sand,Steel,Classic,Cigar,Halo,None,Emerald Stud,49.82
899,Common,,Charcoal,Classic Navy,Sleepy,Cigar,None,None,,22.52
900,Legendary,Laser Leviathan,Charcoal,Midnight Black,Laser,None,None,None,,55.71
901,Common,,Mauve,Classic Navy,Classic,None,Sailor Cap,Pearl String,Diamond Spout,47.57
902,Common,,Slate,Classic Navy,Gold Monocle,Bubble Pipe,Halo,None,,46.33
903,Rare,,Gold Dust,Gilded,Sleepy,None,None,None,,100.0
904,Common,,Maroon,Arctic,Classic,Cigar,Sailor Cap,Cuban Chain,,35.55
905,Uncommon,,Charcoal,Deep Sea,Classic,Gold Tooth,Crown,Cuban Chain,Diamond Spout,72.29
906,Common,,Gold Dust,Classic Navy,Classic,None,None,None,,29.32
907,Common,,Maroon,Classic Navy,Shades,Bubble Pipe,Sailor Cap,None,,35.02
908,Uncommon,,Maroon,Classic Navy,Classic,Diamond Grill,Sailor Cap,Silver Chain,,57.67
909,Common,,Mauve,Classic Navy,Classic,None,None,Cuban Chain,Emerald Stud,27.65
910,Common,,Charcoal,Deep Sea,Classic,Cigar,None,None,,21.84
911,Common,,Slate,Arctic,Classic,Gold Tooth,Kelp Wrap,None,,39.7
912,Uncommon,,Mauve,Ocean Blue,Sleepy,Cigar,None,None,Coin Spout,59.55
913,Uncommon,,Gold Dust,Ocean Blue,Classic,Gold Tooth,Kelp Wrap,None,,52.65
914,Common,,Mauve,Classic Navy,Classic,Punk Cigarette,None,Cuban Chain,,24.32
915,Common,,Slate,Classic Navy,Laser,Punk Cigarette,Kelp Wrap,None,,46.21
916,Common,,Charcoal,Ocean Blue,Gold Monocle,None,Beanie,Silver Chain,,41.31
917,Common,,Sage,Midnight Black,Classic,Gold Tooth,None,None,,44.28
918,Common,,Maroon,Classic Navy,Classic,Gold Tooth,None,None,,17.2
919,Common,,Charcoal,Classic Navy,Shades,Gold Tooth,Sailor Cap,None,,33.45
920,Uncommon,,Charcoal,Ocean Blue,Shades,Cigar,Crown,None,,50.02
921,Common,,Sage,Deep Sea,Classic,None,Kelp Wrap,None,,28.21
922,Common,,Sand,Deep Sea,Classic,Punk Cigarette,Captain's Hat,Cuban Chain,,42.01
923,Common,,Slate,Arctic,Classic,None,Halo,Pearl String,,44.26
924,Common,,Charcoal,Classic Navy,Gold Monocle,None,None,Cuban Chain,,27.14
925,Common,,Slate,Classic Navy,Classic,None,Halo,None,,23.15
926,Common,,Slate,Steel,Sleepy,Cigar,None,Pearl String,Gold Watch,45.2
927,Common,,Slate,Ocean Blue,Shades,Punk Cigarette,None,Cuban Chain,,29.55
928,Uncommon,,Maroon,Steel,Classic,None,None,Cuban Chain,Coin Spout,51.36
929,Uncommon,,Mauve,Arctic,Sleepy,None,Halo,None,Gold Watch,53.45
930,Common,,Sage,Deep Sea,Classic,Punk Cigarette,Sailor Cap,None,,29.52
931,Common,,Charcoal,Classic Navy,Classic,Punk Cigarette,None,None,,18.13
932,Uncommon,,Charcoal,Deep Sea,Classic,Diamond Grill,None,Silver Chain,,58.96
933,Common,,Maroon,Steel,Classic,Bubble Pipe,Beanie,None,,33.86
934,Uncommon,,Mauve,Arctic,Sleepy,Punk Cigarette,Sailor Cap,None,Gold Watch,52.98
935,Uncommon,,Gold Dust,Ocean Blue,Sleepy,Cigar,Beanie,Silver Chain,,59.55
936,Uncommon,,Slate,Steel,Sleepy,None,None,Silver Chain,Emerald Stud|Diamond Spout,54.55
937,Common,,Sage,Classic Navy,Gold Monocle,Punk Cigarette,None,None,,27.22
938,Common,,Maroon,Deep Sea,Classic,Cigar,Sailor Cap,None,,26.39
939,Common,,Charcoal,Ocean Blue,Classic,Cigar,Sailor Cap,None,Gold Watch,35.65
940,Common,,Charcoal,Deep Sea,Sleepy,None,None,Cuban Chain,,28.81
941,Rare,,Charcoal,Gilded,Classic,None,Sailor Cap,None,Gold Watch,92.77
942,Common,,Mauve,Classic Navy,Abyss Glow,None,None,Diamond Chain,,48.33
943,Common,,Slate,Classic Navy,Classic,Cigar,Crown,Cuban Chain,,43.41
944,Common,,Maroon,Arctic,Classic,Gold Tooth,None,Cuban Chain,,32.2
945,Common,,Slate,Deep Sea,Classic,Gold Tooth,None,Cuban Chain,,28.03
946,Common,,Slate,Classic Navy,Abyss Glow,Punk Cigarette,Beanie,None,Gold Watch,44.55
947,Uncommon,,Sage,Midnight Black,Sleepy,None,Captain's Hat,Silver Chain,,58.49
948,Rare,,Gold Dust,Gilded,Shades,Gold Tooth,Crown,None,Gold Watch,143.33
949,Uncommon,,Slate,Deep Sea,Gold Monocle,Bubble Pipe,Sailor Cap,Silver Chain,,53.35
950,Common,,Mauve,Classic Navy,Sleepy,Punk Cigarette,Captain's Hat,None,,33.53
951,Common,,Sage,Classic Navy,Gold Monocle,None,Sailor Cap,None,,27.7
952,Common,,Mauve,Arctic,Classic,Cigar,None,None,,27.2
953,Common,,Maroon,Classic Navy,Classic,None,Halo,Diamond Chain,,48.15
954,Uncommon,,Mauve,Classic Navy,Classic,Diamond Grill,None,Pearl String,,57.1
955,Common,,Charcoal,Arctic,Classic,Cigar,None,None,,26.01
956,Uncommon,,Gold Dust,Arctic,Shades,None,Beanie,None,,54.17
957,Common,,Maroon,Classic Navy,Classic,Gold Tooth,Halo,None,Gold Watch,41.48
958,Common,,Sand,Ocean Blue,Classic,Cigar,None,None,,23.86
959,Uncommon,,Sand,Ocean Blue,Classic,None,Captain's Hat,Diamond Chain,Emerald Stud,62.01
960,Common,,Maroon,Arctic,Sleepy,Gold Tooth,Captain's Hat,Cuban Chain,,46.4
961,Common,,Charcoal,Classic Navy,Sleepy,Cigar,None,Cuban Chain,,27.52
962,Common,,Sage,Ocean Blue,Sleepy,Bubble Pipe,None,None,,31.39
963,Common,,Charcoal,Arctic,Classic,Gold Tooth,Kelp Wrap,Cuban Chain,,47.29
964,Common,,Maroon,Classic Navy,Classic,Cigar,Sailor Cap,None,,20.55
965,Uncommon,,Slate,Ocean Blue,Abyss Glow,None,Crown,Silver Chain,,55.38
966,Uncommon,,Sand,Ocean Blue,Classic,Diamond Grill,None,Silver Chain,,60.98
967,Uncommon,,Mauve,Steel,Gold Monocle,None,Halo,Silver Chain,,50.12
968,Common,,Slate,Deep Sea,Classic,Punk Cigarette,None,Cuban Chain,,26.36
969,Common,,Slate,Classic Navy,Classic,None,None,None,,8.86
970,Common,,Charcoal,Classic Navy,Sleepy,Cigar,Captain's Hat,Cuban Chain,,35.21
971,Uncommon,,Slate,Classic Navy,Classic,Diamond Grill,Halo,None,,56.48
972,Rare,,Charcoal,Midnight Black,Classic,Gold Tooth,Captain's Hat,Cuban Chain,Diamond Spout,75.22
973,Uncommon,,Sand,Classic Navy,Laser,Punk Cigarette,Beanie,None,,50.0
974,Uncommon,,Mauve,Ocean Blue,Shades,None,None,Cuban Chain,Gold Watch|Pinky Ring,53.33
975,Common,,Mauve,Classic Navy,Classic,None,Captain's Hat,None,,20.34
976,Common,,Mauve,Ocean Blue,Shades,None,None,None,,21.67
977,Uncommon,,Sand,Arctic,Classic,Cigar,None,Cuban Chain,Coin Spout,69.7
978,Common,,Mauve,Ocean Blue,Gold Monocle,Gold Tooth,None,None,,34.17
979,Common,,Slate,Deep Sea,Classic,None,None,Silver Chain,,23.03
980,Common,,Sage,Classic Navy,Sleepy,None,Kelp Wrap,None,,28.89
981,Uncommon,,Charcoal,Classic Navy,Sleepy,Cigar,Halo,None,Pinky Ring,53.47
982,Common,,Slate,Ocean Blue,Gold Monocle,None,Beanie,Silver Chain,,38.71
983,Common,,Sage,Classic Navy,Classic,Cigar,Sailor Cap,Silver Chain,,29.9
984,Common,,Maroon,Ocean Blue,Classic,None,None,Diamond Chain,,36.36
985,Uncommon,,Sand,Steel,Laser,Punk Cigarette,None,Silver Chain,,54.17
986,Common,,Charcoal,Classic Navy,Gold Monocle,None,Kelp Wrap,Pearl String,,45.75
987,Common,,Maroon,Classic Navy,Shades,Cigar,Captain's Hat,Silver Chain,Emerald Stud,45.95
988,Rare,,Gold Dust,Ocean Blue,Sleepy,None,Halo,Cuban Chain,Diamond Spout,74.29
989,Common,,Maroon,Deep Sea,Classic,Bubble Pipe,None,None,Emerald Stud,37.2
990,Common,,Slate,Ocean Blue,Classic,Bubble Pipe,Beanie,None,,32.2
991,Uncommon,,Slate,Ocean Blue,Classic,Punk Cigarette,Captain's Hat,Pearl String,Diamond Spout,53.5
992,Common,,Slate,Arctic,Classic,Cigar,Halo,None,,37.69
993,Common,,Maroon,Ocean Blue,Classic,None,Sailor Cap,Pearl String,,29.62
994,Common,,Maroon,Ocean Blue,Abyss Glow,None,None,Pearl String,,33.16
995,Common,,Charcoal,Deep Sea,Classic,None,Sailor Cap,None,,24.44
996,Common,,Maroon,Steel,Sleepy,None,Captain's Hat,None,Diamond Spout,43.9
997,Uncommon,,Maroon,Ocean Blue,Gold Monocle,Gold Tooth,Beanie,None,Pinky Ring|Diamond Spout,72.05
998,Common,,Sage,Classic Navy,Sleepy,Punk Cigarette,None,None,,23.06
999,Common,,Sand,Steel,Classic,Cigar,None,Cuban Chain,,30.53
1000,Uncommon,,Maroon,Midnight Black,Shades,None,Halo,None,,55.74
